Pipeline_lon1,Pipeline_lat1,Pipeline_lon2,Pipeline_lat2,Pipe_capacity
4.232510208571428,51.90253498571426,4.3028847033333335,51.299193959999975,12.418772813855249
3.46,51.192,3.97037,50.44787,2.16808153468925
7.5134593,51.6251146999999,8.0299739,51.4228401,0.0007074865349999999
4.077814,51.965418,4.064029,51.973837,37.0
4.22,51.34,3.929,51.27,6.52070874146725
6.311106,50.835876,6.457,51.384,0.0014149730699999999
4.232510208571428,51.90253498571426,4.67029378,51.75801071999992,16.971405912254752
5.0718321625,51.107965949999965,5.491873699999999,50.93598109999995,16.179479263239752
3.9555781849999994,52.13518771,3.896137981999999,52.14647011999998,1.6
5.491873699999999,50.93598109999995,5.7249609333333344,50.75836836666667,16.160250326385754
5.7249609333333344,50.75836836666667,5.739351,50.753777,15.369426196126755
3.896137981999999,52.14647011999998,3.520992013,52.03519497,37.0
7.5134593,51.6251146999999,7.5784,51.683185,3.8837658692665014
4.67029378,51.75801071999992,4.9950676,51.6107966,16.931370488986854
6.983728734210527,51.55545094210524,7.5134593,51.6251146999999,3.9017303551036013
6.457,51.384,6.144031,51.897037,0.0014149730699999999
3.929,51.27,3.827686,51.191166,6.52070874146725
5.739351,50.753777,6.09,50.7,15.369426196126755
4.27192,56.34414299999999,4.0040007,53.53716658999998,15.0
4.3028847033333335,51.299193959999975,4.22,51.34,6.52070874146725
6.933,51.076,6.311106,50.835876,15.368011223056754
6.936789494117647,50.966893499999976,6.933,51.076,1.7545960030907
4.232510208571428,51.90253498571426,4.064029,51.973837,37.0
3.9148496500000007,50.47636969999994,3.97037,50.44787,2.16808153468925
3.7728211071428572,51.31059309999994,3.827686,51.191166,4.352627206778
6.24564695,51.83264669999989,6.144031,51.897037,0.0014149730699999999
6.311106,50.835876,6.09,50.7,15.369426196126755
3.896137981999999,52.14647011999998,4.0040007,53.53716658999998,35.0
6.983728734210527,51.55545094210524,6.933,51.076,13.613415219966054
8.397537683333328,51.60553248333326,8.052379966666665,51.79362816666664,2.1102968511770013
8.052379966666665,51.79362816666664,7.5784,51.683185,3.8837658692665014
3.46826845,50.58618674999995,3.9148496500000007,50.47636969999994,1.2688431936505
7.937344400000001,52.186523466666635,8.052379966666665,51.79362816666664,0.7853761305315
3.46,51.192,3.827686,51.191166,2.16808153468925
5.0718321625,51.107965949999965,4.9950676,51.6107966,16.901400728466754
4.077814,51.965418,3.520992013,52.03519497,37.0
4.620476,52.4739099999999,4.232510208571428,51.90253498571426,3.992418
