solution_id,configuration_id,scenario_id,aidres_sector_id,horizon,electricity_[mwh/t],electricity_[gj/t],alternative_fuel_mixture_[gj/t],biomass_[gj/t],biomass_waste_[gj/t],coal_[gj/t],coke_[gj/t],crude_oil_[gj/t],hydrogen_[gj/t],methanol_[gj/t],ammonia_[gj/t],naphtha_[gj/t],natural_gas_[gj/t],plastic_mix_[gj/t],alternative_fuel_mixture_[t/t],biomass_[t/t],biomass_waste_[t/t],coal_[t/t],coke_[t/t],crude_oil_[t/t],hydrogen_[t/t],methanol_[t/t],ammonia_[t/t],naphtha_[t/t],natural_gas_[t/t],plastic_mix_[t/t],totex_[eur/t],opex_var_[eur/t],co2_allowance_[eur/t],opex_cst_[eur/t],opex_[eur/t],capex_[eur/t],direct_emission_[tco2/t],total_emission_[tco2/t],direct_emission_reduction_[%],total_emission_reduction_[%],captured_co2_[tco2/t],route_name,product_id,capex_cc_eur_tCO2,opex_cc_eur_tCO2,totex_cc_eur_tCO2,totex_cc_eur_t
1,1,No_Bio,2,2050,0.09882,0.35576,0,0,0,2.89315,0,0,0,0,0,0,0,0,0,0,0,0.09807,0,0,0,0,0,0,0,0,158.6108937,19.17615,106.64999999999999,29.7847437,155.6108937,3.0,0.711,0.7711431645,0,0,0,CEM1-(Coal),cement,0.0,0.0,0.0,0.0
2,2,No_Bio,2,2050,0.22517,0.81059,0,0,0,5.44483,0,0,0,0,0,0,0,0,0,0,0,0.18457,0,0,0,0,0,0,0,0,147.8318937,38.83315,27.9,29.7847437,135.8318937,12.0,0.186,0.30389343950000003,0,0,0.743,CEM1-(Coal)MEA,cement,4.037685060565276,26.456258411843873,30.49394347240915,22.656999999999996
3,3,No_Bio,2,2050,0.16721,0.60194,0,0,0,2.89315,0,0,0,0,0,0,0,0,0,0,0,0.09807,0,0,0,0,0,0,0,0,189.99467370000002,23.96345,17.4,39.2087037,108.9946737,81.0,0.116,0.18434996450000002,0,0,0.595,CEM1-(Coal)CaL,cement,43.69747899159664,23.8844705882353,67.58194957983194,40.21126
4,4,No_Bio,2,2050,0.25105,0.90379,0,0,0,4.1936,0,0,0,0,0,0,0,0,0,0,0,0.14216,0,0,0,0,0,0,0,0,146.64123606000004,35.343500000000006,21.9,34.87750782,134.64123606000004,12.0,0.146,0.246118476,0,0,0.854,CEM1-(Coal)Oxy-MEA,cement,3.51288056206089,24.89474721311477,28.40762777517566,24.26011412000001
5,5,No_Bio,2,2050,0.20532,0.73917,0,0,0,2.91142,0,0,0,0,0,0,0,0,0,0,0,0.09869,0,0,0,0,0,0,0,0,167.5266447,26.708650000000002,16.95,37.1241607,110.52664469999999,57.0,0.113,0.18622842150000002,0,0,0.723,CEM1-(Coal)Oxy-CaL,cement,24.896265560165975,20.569733056708156,45.46599861687413,32.871916999999996
6,6,No_Bio,2,2050,0.09882,0.35576,0,0,0,0,0,0,0,0,0,0,2.93365,0,0,0,0,0,0,0,0,0,0,0,0.05992,0,150.31760314444446,23.182859444444446,94.35000000000001,29.7847437,147.31760314444446,3.0,0.629,0.6618828916666667,0,0,0,CEM1-(NG),cement,0.0,0.0,0.0,0.0
7,7,No_Bio,2,2050,0.20017,0.72063,0,0,0,0,0,0,0,0,0,0,5.00925,0,0,0,0,0,0,0,0,0,0,0,0.10231,0,140.12524981111108,41.78540833333333,22.349999999999998,29.7847437,131.12524981111108,9.0,0.149,0.20892002499999998,0,0,0.596,CEM1-(NG)MEA,cement,3.3557046979865772,31.212330350484706,34.56803504847128,20.602548888888883
8,8,No_Bio,2,2050,0.15928,0.57342,0,0,0,0,0,0,0,0,0,0,2.93365,0,0,0,0,0,0,0,0,0,0,0,0.05992,0,178.12844314444442,27.415059444444445,15.45,38.1228237,106.12844314444442,72.0,0.103,0.14313809166666666,0,0,0.526,CEM1-(NG)CaL,cement,43.72623574144487,23.89787072243344,67.6241064638783,35.57027999999999
9,9,No_Bio,2,2050,0.27934,1.00562,0,0,0,0,0,0,0,0,0,0,4.26077,0,0,0,0,0,0,0,0,0,0,0,0.08703,0,168.02729923777775,43.17740255555555,22.95,36.49343262,156.02729923777775,12.0,0.153,0.21705631833333333,0,0,0.917,CEM1-(NG)Oxy-MEA,cement,3.271537622682661,29.1202094123349,32.39174703501756,29.703232031111103
10,10,No_Bio,2,2050,0.22496,0.80986,0,0,0,0,0,0,0,0,0,0,2.95806,0,0,0,0,0,0,0,0,0,0,0,0.06042,0,179.9468576511111,32.14799933333333,17.699999999999996,38.24602198,122.94685765111109,57.0,0.118,0.16619463,0,0,0.767,CEM1-(NG)Oxy-CaL,cement,23.46805736636245,22.72023229320584,46.18828965956829,35.42641816888888
11,11,No_Bio,2,2050,0.09882,0.35576,3.34437,0,0,0,0,0,0,0,0,0,0,0,0.09471,0,0,0,0,0,0,0,0,0,0,0,149.5477077,7.712964,109.05,29.7847437,146.5477077,3.0,0.727,0.739578196,0,0,0,CEM1-(Afm),cement,0.0,0.0,0.0,0.0
12,12,No_Bio,2,2050,0.21786,0.78428,5.2383,0,0,0,0,0,0,0,0,0,0,0,0.14835,0,0,0,0,0,0,0,0,0,0,0,102.0978357,16.49634,26.25,29.7847437,90.0978357,12.0,0.175,0.20227066,0,0,0.7,CEM1-(Afm)MEA,cement,4.285714285714286,12.547679999999996,16.83339428571428,11.783375999999995
13,13,No_Bio,2,2050,0.16869,0.6073,3.34437,0,0,0,0,0,0,0,0,0,0,0,0.09471,0,0,0,0,0,0,0,0,0,0,0,179.90497770000002,12.603864000000002,17.849999999999998,39.4129337,98.90497770000002,81.0,0.119,0.139962596,0,0,0.608,CEM1-(Afm)CaL,cement,42.76315789473684,23.880082236842114,66.64324013157895,40.51909
14,14,No_Bio,2,2050,0.20765,0.74754,4.13431,0,0,0,0,0,0,0,0,0,0,0,0.11708,0,0,0,0,0,0,0,0,0,0,0,96.50523750000002,15.518972000000002,18.75,32.3979123,87.50523750000002,9.0,0.125,0.150807808,0,0,0.659,CEM1-(Afm)Oxy-MEA,cement,3.0349013657056143,15.810586646434,18.845488012139615,12.419176600000007
15,15,No_Bio,2,2050,0.18044,0.64957,3.34437,0,0,0,0,0,0,0,0,0,0,0,0.09471,0,0,0,0,0,0,0,0,0,0,0,141.69074514,13.426364000000001,15.299999999999997,35.70235618,87.69074514,54.0,0.102,0.12437259599999999,0,0,0.621,CEM1-(Afm)Oxy-CaL,cement,27.375201288244767,18.72948869565218,46.10468998389695,28.631012480000003
16,16,No_Bio,2,2050,0.09882,0.35576,0,0,3.7616,0,0,0,0,0,0,0,0,0,0,0,0.2916,0,0,0,0,0,0,0,0,0,3.149389302143701e6,3.1492869174000006e6,69.6,29.7847437,3.149386302143701e6,3.0,0.464,0.4758584,0,0,0,CEM1-(BMW),cement,0.0,0.0,0.0,0.0
17,17,No_Bio,2,2050,0.24884,0.89583,0,0,6.06752,0,0,0,0,0,0,0,0,0,0,0,0.47035,0,0,0,0,0,0,0,0,0,8.9407973563437e6,5.0797974188e6,-62.84999999999999,29.7847437,8.9407853563437e6,12.0,-0.419,-0.38913919999999996,0,0,0.882,CEM1-(BMW)MEA,cement,3.401360544217687,2.1887874165532873e6,2.1887908179138317e6,1.9305135013999995e6
18,18,No_Bio,2,2050,0.18155,0.65357,0,0,3.7616,0,0,0,0,0,0,0,0,0,0,0,0.2916,0,0,0,0,0,0,0,0,0,3.1494261463137004e6,3.1492927085000006e6,-38.25,41.2250337,3.1493301463137004e6,96.0,-0.255,-0.233214,0,0,0.719,CEM1-(BMW)CaL,cement,43.11543810848401,23.96577190522296,67.08121001370696,48.2313899998553
19,19,No_Bio,2,2050,0.23416,0.84297,0,0,4.29082,0,0,0,0,0,0,0,0,0,0,0,0.33262,0,0,0,0,0,0,0,0,0,4.478418706311059e6,3.5923123912000004e6,4.2,33.91233282,4.478409706311059e6,9.0,0.028,0.0560992,0,0,0.958,CEM1-(BMW)Oxy-MEA,cement,2.0876826722338206,462452.61105336057,462454.6987360328,443031.6013891194
20,20,No_Bio,2,2050,0.20677,0.74439,0,0,3.7616,0,0,0,0,0,0,0,0,0,0,0,0.2916,0,0,0,0,0,0,0,0,0,3.14942148839118e6,3.1492944739000006e6,2.8499999999999996,37.20699286,3.14936448839118e6,57.0,0.019,0.0438124,0,0,0.903,CEM1-(BMW)Oxy-CaL,cement,19.93355481727575,16.58776208164288,36.52131689891863,32.97874915972352
21,21,No_Bio,2,2050,0.08029,0.28905,0,0,0,2.1318,0,0,0,0,0,0,0,0,0,0,0,0.07226,0,0,0,0,0,0,0,0,119.5601877,14.652800000000003,78.60000000000001,23.3073877,116.5601877,3.0,0.524,0.5692120110000001,0,0,0,CEM2-(Coal),cement,0.0,0.0,0.0,0.0
22,22,No_Bio,2,2050,0.17339,0.62419,0,0,0,4.01198,0,0,0,0,0,0,0,0,0,0,0,0.136,0,0,0,0,0,0,0,0,110.96368770000001,29.1373,20.55,23.3073877,101.96368770000001,9.0,0.137,0.22476640000000003,0,0,0.548,CEM2-(Coal)MEA,cement,3.64963503649635,26.431569343065693,30.081204379562042,16.4845
23,23,No_Bio,2,2050,0.13068,0.47045,0,0,0,2.1318,0,0,0,0,0,0,0,0,0,0,0,0.07226,0,0,0,0,0,0,0,0,139.31360061,18.180100000000003,12.899999999999999,30.26455867,82.31360061000001,57.0,0.086,0.13725881099999998,0,0,0.438,CEM2-(Coal)CaL,cement,41.0958904109589,23.937148333333333,65.03303874429224,28.48447097
24,24,No_Bio,2,2050,0.19246,0.69286,0,0,0,3.09002,0,0,0,0,0,0,0,0,0,0,0,0.10475,0,0,0,0,0,0,0,0,107.15732874,26.56595,16.2,27.05995138,101.15732874,6.0,0.108,0.1826688625,0,0,0.629,CEM2-(Coal)Oxy-MEA,cement,1.589825119236884,24.905745119236883,26.495570238473768,16.66571368
25,25,No_Bio,2,2050,0.15877,0.57156,0,0,0,2.14526,0,0,0,0,0,0,0,0,0,0,0,0.07272,0,0,0,0,0,0,0,0,122.28747282,20.203900000000004,12.450000000000001,28.71538274,83.28747282,39.0,0.083,0.137856092,0,0,0.533,CEM2-(Coal)Oxy-CaL,cement,22.5140712945591,20.561153921200745,43.07522521575984,22.959095039999998
26,26,No_Bio,2,2050,0.08029,0.28905,0,0,0,0,0,0,0,0,0,0,2.16164,0,0,0,0,0,0,0,0,0,0,0,0.04415,0,113.36278058888888,17.60539288888889,69.45,23.3073877,110.36278058888888,3.0,0.463,0.4881265533333333,0,0,0,CEM2-(NG),cement,0.0,0.0,0.0,0.0
27,27,No_Bio,2,2050,0.15497,0.5579,0,0,0,0,0,0,0,0,0,0,3.69103,0,0,0,0,0,0,0,0,0,0,0,0.07539,0,104.53443425555557,31.312610777777778,16.5,23.3073877,98.53443425555557,6.0,0.11,0.15504878166666666,0,0,0.439,CEM2-(NG)MEA,cement,2.277904328018223,31.22373095418881,33.50163528220703,14.707217888888888
28,28,No_Bio,2,2050,0.12484,0.44943,0,0,0,0,0,0,0,0,0,0,2.16164,0,0,0,0,0,0,0,0,0,0,0,0.04415,0,131.1394305888889,20.72389288888889,11.399999999999999,29.4644377,80.1394305888889,51.0,0.076,0.10647255333333333,0,0,0.387,CEM2-(NG)CaL,cement,41.343669250645995,23.96782945736434,65.31149870801033,25.27555
29,29,No_Bio,2,2050,0.2133,0.76789,0,0,0,0,0,0,0,0,0,0,3.13951,0,0,0,0,0,0,0,0,0,0,0,0.06412,0,125.88985133555556,32.337838777777776,16.95,28.25063206,116.88985133555556,9.0,0.113,0.16109582166666667,0,0,0.676,CEM2-(NG)Oxy-MEA,cement,2.9585798816568047,29.106050664036815,32.06463054569362,21.675690248888888
30,30,No_Bio,2,2050,0.17324,0.62365,0,0,0,0,0,0,0,0,0,0,2.17962,0,0,0,0,0,0,0,0,0,0,0,0.04452,0,134.4852427222222,24.211582,13.049999999999999,29.5420193,92.48524272222221,42.0,0.087,0.12340941,0,0,0.565,CEM2-(NG)Oxy-CaL,cement,23.008849557522126,22.727116302851524,45.73596586037365,25.84082071111111
31,31,No_Bio,2,2050,0.08029,0.28905,2.46427,0,0,0,0,0,0,0,0,0,0,0,0.06979,0,0,0,0,0,0,0,0,0,0,0,112.76392369999999,6.206536000000002,80.25,23.3073877,109.76392369999999,3.0,0.535,0.545165204,0,0,0,CEM2-(Afm),cement,0.0,0.0,0.0,0.0
32,32,No_Bio,2,2050,0.168,0.6048,3.8598,0,0,0,0,0,0,0,0,0,0,0,0.10931,0,0,0,0,0,0,0,0,0,0,0,77.2789277,12.678204000000001,19.349999999999998,23.3073877,68.2789277,9.0,0.129,0.149990756,0,0,0.516,CEM2-(Afm)MEA,cement,3.875968992248062,12.541992248062014,16.417961240310078,8.471668000000001
33,33,No_Bio,2,2050,0.13178,0.4744,2.46427,0,0,0,0,0,0,0,0,0,0,0,0.06979,0,0,0,0,0,0,0,0,0,0,0,134.8498037,9.810836,13.199999999999998,30.4150477,74.8498037,60.0,0.088,0.10434400399999999,0,0,0.448,CEM2-(Afm)CaL,cement,42.410714285714285,23.91062499999999,66.32133928571427,29.711959999999994
34,34,No_Bio,2,2050,0.16048,0.57773,3.04633,0,0,0,0,0,0,0,0,0,0,0,0.08627,0,0,0,0,0,0,0,0,0,0,0,72.34559798000001,11.958268,13.799999999999999,25.23288046,66.34559798000001,6.0,0.092,0.11191325199999999,0,0,0.485,CEM2-(Afm)Oxy-MEA,cement,2.061855670103093,15.829329402061855,17.891185072164948,8.67722476
35,35,No_Bio,2,2050,0.14043,0.50554,2.46427,0,0,0,0,0,0,0,0,0,0,0,0.06979,0,0,0,0,0,0,0,0,0,0,0,105.4743767,10.416336000000001,11.25,27.6677387,66.47437670000001,39.0,0.075,0.09238200399999999,0,0,0.457,CEM2-(Afm)Oxy-CaL,cement,26.258205689277897,18.753065645514223,45.01127133479212,20.570151
36,36,No_Bio,2,2050,0.08029,0.28905,0,0,2.77171,0,0,0,0,0,0,0,0,0,0,0,0.21486,0,0,0,0,0,0,0,0,0,2.3205712276876997e6,2.3204936203e6,51.300000000000004,23.3073877,2.3205682276876997e6,3.0,0.342,0.3516348,0,0,0,CEM2-(BMW),cement,0.0,0.0,0.0,0.0
37,37,No_Bio,2,2050,0.19083,0.687,0,0,4.47081,0,0,0,0,0,0,0,0,0,0,0,0.34657,0,0,0,0,0,0,0,0,0,6.587906941087699e6,3.7429693581e6,-46.199999999999996,23.3073877,6.587897941087699e6,9.0,-0.308,-0.2851004,0,0,0.65,CEM2-(BMW)MEA,cement,3.0769230769230766,2.1884242119999994e6,2.1884272889230764e6,1.4224777377999998e6
38,38,No_Bio,2,2050,0.14125,0.50849,0,0,2.77171,0,0,0,0,0,0,0,0,0,0,0,0.21486,0,0,0,0,0,0,0,0,0,2.3205958976177005e6,2.3204978875e6,-28.2,31.7634977,2.3205268976177005e6,69.0,-0.188,-0.17105,0,0,0.53,CEM2-(BMW)CaL,cement,41.50943396226415,24.006245283515383,65.51567924577952,34.72331000026315
39,39,No_Bio,2,2050,0.18001,0.64805,0,0,3.16165,0,0,0,0,0,0,0,0,0,0,0,0.24509,0,0,0,0,0,0,0,0,0,3.300007993030459e6,2.6469846007e6,3.0,26.34876862,3.300001993030459e6,6.0,0.02,0.041601200000000005,0,0,0.706,CEM2-(BMW)Oxy-MEA,cement,1.41643059490085,462456.12150271924,462457.53793331416,326495.0217809198
40,40,No_Bio,2,2050,0.15984,0.57541,0,0,2.77171,0,0,0,0,0,0,0,0,0,0,0,0.21486,0,0,0,0,0,0,0,0,0,2.3205941402771003e6,2.3204991888e6,2.1,28.7764175,2.3205521402771003e6,42.0,0.014,0.0331808,0,0,0.665,CEM2-(BMW)Oxy-CaL,cement,19.548872180451127,16.59778917306348,36.1466613535146,24.037529800087214
41,41,No_Bio,2,2050,0.08265,0.29753,0,0,0,1.81319,0,0,0,0,0,0,0,0,0,0,0,0.06146,0,0,0,0,0,0,0,0,100.9908002,13.468,59.85,24.6728002,97.9908002,3.0,0.399,0.439177831,0,0,0,LC3-(Coal),cement,0.0,0.0,0.0,0.0
42,42,No_Bio,2,2050,0.15355,0.55279,0,0,0,3.24523,0,0,0,0,0,0,0,0,0,0,0,0.11001,0,0,0,0,0,0,0,0,92.8360502,24.49975,15.6,24.6728002,86.8360502,6.0,0.104,0.1765894235,0,0,0.417,LC3-(Coal)MEA,cement,2.3980815347721824,26.45503597122303,28.85311750599521,12.031750000000002
43,43,No_Bio,2,2050,0.12103,0.43569,0,0,0,1.81319,0,0,0,0,0,0,0,0,0,0,0,0.06146,0,0,0,0,0,0,0,0,116.8832702,16.154600000000002,9.75,29.9836902,71.8832702,45.0,0.065,0.109783431,0,0,0.334,LC3-(Coal)CaL,cement,41.91616766467066,23.94458083832335,65.86074850299401,21.997490000000003
44,44,No_Bio,2,2050,0.16898,0.60834,0,0,0,2.49947,0,0,0,0,0,0,0,0,0,0,0,0.08473,0,0,0,0,0,0,0,0,92.25253688,22.41985,12.149999999999999,27.70819576,86.25253688,6.0,0.081,0.1429944155,0,0,0.483,LC3-(Coal)Oxy-MEA,cement,2.070393374741201,24.81831378881987,26.888707163561072,12.987245559999998
45,45,No_Bio,2,2050,0.14492,0.52169,0,0,0,1.82465,0,0,0,0,0,0,0,0,0,0,0,0.06185,0,0,0,0,0,0,0,0,103.46725988,17.87565,9.45,28.89063676,73.46725988,30.0,0.063,0.11084224749999999,0,0,0.414,LC3-(Coal)Oxy-CaL,cement,21.73913043478261,20.834508599033814,42.57363903381642,17.625486559999995
46,46,No_Bio,2,2050,0.08265,0.29753,0,0,0,0,0,0,0,0,0,0,1.83858,0,0,0,0,0,0,0,0,0,0,0,0.03755,0,95.70220486666666,15.979404666666667,52.04999999999999,24.6728002,92.70220486666666,3.0,0.347,0.37009449,0,0,0,LC3-(NG),cement,0.0,0.0,0.0,0.0
47,47,No_Bio,2,2050,0.13866,0.49917,0,0,0,0,0,0,0,0,0,0,2.98562,0,0,0,0,0,0,0,0,0,0,0,0.06098,0,89.79340353333333,26.259804222222222,12.3,24.6728002,83.79340353333333,6.0,0.082,0.12003614333333333,0,0,0.329,LC3-(NG)MEA,cement,3.03951367781155,31.247415062478897,34.28692874029045,11.280399555555558
48,48,No_Bio,2,2050,0.11606,0.41782,0,0,0,0,0,0,0,0,0,0,1.83858,0,0,0,0,0,0,0,0,0,0,0,0.03755,0,109.10935486666668,18.318104666666667,8.55,29.3031502,70.10935486666668,39.0,0.057,0.08410369000000001,0,0,0.291,LC3-(NG)CaL,cement,41.23711340206186,23.948625429553264,65.18573883161513,18.96905
49,49,No_Bio,2,2050,0.18584,0.66903,0,0,0,0,0,0,0,0,0,0,2.53951,0,0,0,0,0,0,0,0,0,0,0,0.05187,0,104.72646828,27.08897211111111,12.750000000000002,28.67132056,98.72646828,6.0,0.085,0.12550062166666667,0,0,0.521,LC3-(NG)Oxy-MEA,cement,1.9193857965451055,28.998249144807,30.917634941352105,16.108087804444448
50,50,No_Bio,2,2050,0.15722,0.566,0,0,0,0,0,0,0,0,0,0,1.85387,0,0,0,0,0,0,0,0,0,0,0,0.03787,0,111.22901457333332,21.28407922222222,9.9,29.59372888,81.22901457333333,30.0,0.066,0.09815246833333333,0,0,0.442,LC3-(NG)Oxy-CaL,cement,20.361990950226243,23.1348489492207,43.49683989944694,19.225603235555546
51,51,No_Bio,2,2050,0.08265,0.29753,2.13048,0,0,0,0,0,0,0,0,0,0,0,0.06033,0,0,0,0,0,0,0,0,0,0,0,95.6150722,6.2922720000000005,61.65,24.6728002,92.6150722,3.0,0.411,0.421376508,0,0,0,LC3-(Afm),cement,0.0,0.0,0.0,0.0
52,52,No_Bio,2,2050,0.1492,0.53711,3.12214,0,0,0,0,0,0,0,0,0,0,0,0.08842,0,0,0,0,0,0,0,0,0,0,0,66.3484402,11.186728,14.7,24.6728002,60.3484402,6.0,0.098,0.116575992,0,0,0.391,LC3-(Afm)MEA,cement,2.557544757033248,12.517790281329917,15.075335038363166,5.894455999999998
53,53,No_Bio,2,2050,0.12222,0.43999,2.13048,0,0,0,0,0,0,0,0,0,0,0,0.06033,0,0,0,0,0,0,0,0,0,0,0,110.7485422,9.062172,10.05,30.1473902,65.7485422,45.0,0.067,0.082124908,0,0,0.344,LC3-(Afm)CaL,cement,40.697674418604656,23.966540697674418,64.66421511627908,22.244490000000003
54,54,No_Bio,2,2050,0.14311,0.51521,2.46413,0,0,0,0,0,0,0,0,0,0,0,0.06978,0,0,0,0,0,0,0,0,0,0,0,64.77232816000001,10.603852000000002,10.200000000000001,26.23030552,58.772328160000015,6.0,0.068,0.085703528,0,0,0.367,LC3-(Afm)Oxy-MEA,cement,2.7247956403269757,15.992058092643061,18.716853732970037,6.8690853200000035
55,55,No_Bio,2,2050,0.1297,0.46692,2.13048,0,0,0,0,0,0,0,0,0,0,0,0.06033,0,0,0,0,0,0,0,0,0,0,0,89.29128256,9.585772000000002,8.4,28.02137032,59.29128256,30.0,0.056,0.072022508,0,0,0.352,LC3-(Afm)Oxy-CaL,cement,25.56818181818182,18.869517386363636,44.43769920454545,15.642070119999998
56,56,No_Bio,2,2050,0.08265,0.29753,0,0,2.39627,0,0,0,0,0,0,0,0,0,0,0,0.18576,0,0,0,0,0,0,0,0,0,2.0062780583002002e6,2.0062137855e6,36.6,24.6728002,2.0062750583002002e6,3.0,0.244,0.253918,0,0,0,LC3-(BMW),cement,0.0,0.0,0.0,0.0
57,57,No_Bio,2,2050,0.16766,0.60359,0,0,3.61637,0,0,0,0,0,0,0,0,0,0,0,0.28034,0,0,0,0,0,0,0,0,0,5.070618910400199e6,3.0276837361999997e6,-38.4,24.6728002,5.070609910400199e6,9.0,-0.256,-0.2358808,0,0,0.5,LC3-(BMW)MEA,cement,4.0,2.0429399013999994e6,2.0429439013999994e6,1.0214719506999997e6
58,58,No_Bio,2,2050,0.13041,0.46947,0,0,2.39627,0,0,0,0,0,0,0,0,0,0,0,0.18576,0,0,0,0,0,0,0,0,0,2.0062997794702e6,2.0062171287e6,-25.650000000000002,31.3199902,2.0062427794702e6,57.0,-0.171,-0.1553508,0,0,0.415,LC3-(BMW)CaL,cement,43.373493975903614,24.073228915502508,67.44672289140613,27.99038999993354
59,59,No_Bio,2,2050,0.15891,0.57209,0,0,2.55742,0,0,0,0,0,0,0,0,0,0,0,0.19825,0,0,0,0,0,0,0,0,0,2.410945353289719e6,2.1411111237e6,1.5,27.13293004,2.410939353289719e6,6.0,0.01,0.029069199999999996,0,0,0.545,LC3-(BMW)Oxy-MEA,cement,1.8348623853211008,247522.56574282516,247524.40060521048,134900.79832983972
60,60,No_Bio,2,2050,0.14648,0.52732,0,0,2.39627,0,0,0,0,0,0,0,0,0,0,0,0.18576,0,0,0,0,0,0,0,0,0,2.00629538382316e6,2.0062182536e6,0.6,28.97987452,2.00626538382316e6,30.0,0.004,0.0215776,0,0,0.532,LC3-(BMW)Oxy-CaL,cement,16.917293233082706,16.494688571385225,33.41198180446793,17.775174319976937
61,64,No_Bio,6,2050,0.13675,0.4923,0,0,0,0,0,0,0.00597,0,0,0,0.29048,0,0,0,0,0,0,0,5.0e-5,0,0,0,0.00593,0,1000.9792303790525,11.58123037905246,2.4,949.998,963.9792303790525,37.0,0.016,0.034491773333333337,0,0,0,(NG)PE,chemical-PE,0.0,0.0,0.0,0.0
62,65,No_Bio,6,2050,0.13937,0.50172,0,0,0,0,0,0,0.00597,0,0,0,0.30438,0,0,0,0,0,0,0,5.0e-5,0,0,0,0.00622,0,999.6606337123859,11.841698156830237,0.3,949.998,962.6606337123859,37.0,0.002,0.02090579,0,0,0.015,(NG)PE-MEA,chemical-PE,0.0,17.3645185185201,17.3645185185201,0.2604677777778015
63,66,No_Bio,6,2050,0.13675,0.4923,0,0,0,0,0,0,0.31332,0,0,0,0,0,0,0,0,0,0,0,0.00261,0,0,0,0,0,1017.3555041865384,30.35750418653835,0.0,949.998,980.3555041865384,37.0,0,0.01641,0,0,0,(H2)PE,chemical-PE,0.0,0.0,0.0,0.0
64,67,No_Bio,6,2050,0.26743,0.96275,0,0,0,0,0,0,0,0,0,0,0,0,0,0,0,0,0,0,0,0,0,0,0,0,1006.7181,18.720100000000002,0.0,949.998,968.7181,38.0,0,0.0320916,0,0,0,(H2)PE-AEL,chemical-PE,0.0,0.0,0.0,0.0
65,68,No_Bio,6,2050,0.20795,0.74863,0,0,0,0,0,0,0.00597,0,0,0,0,0,0,0,0,0,0,0,5.0e-5,0,0,0,0,0,1001.9526801568303,14.954680156830237,0.0,949.998,964.9526801568303,37.0,0,0.024953999999999997,0,0,0,(EL)PE,chemical-PE,0.0,0.0,0.0,0.0
66,73,No_Bio,6,2050,0.36,1.296,0,0,0,0,0,0,0,0,0,0,8.16321,0,0,0,0,0,0,0,0,0,0,0,0.16673,0,1246.8496143333332,70.46046433333333,68.85,995.53915,1134.8496143333332,112.0,0.459,0.560703005,0,0,0,(NG)PEA,chemical-PEA,0.0,0.0,0.0,0.0
67,74,No_Bio,6,2050,0.43528,1.56701,0,0,0,0,0,0,0,0,0,0,8.75984,0,0,0,0,0,0,0,0,0,0,0,0.17892,0,1235.08236,79.03804622222223,7.35,995.53915,1099.08236,136.0,0.049,0.16401245333333336,0,0,0.443,(NG)PEA-MEA,chemical-PEA,18.058690744920995,19.36248733383515,37.42117807875614,16.57758188888897
68,75,No_Bio,6,2050,0.36,1.296,0,0,0,0,0,0,8.63968,0,0,0,0,0,0,0,0,0,0,0,0.07207,0,0,0,0,0,1709.676028055103,599.1368780551029,0.0,995.53915,1594.676028055103,115.0,0,0.043199999999999995,0,0,0,(H2)PEA,chemical-PEA,0.0,0.0,0.0,0.0
69,76,No_Bio,6,2050,3.96347,14.26849,0,0,0,0,0,0,0,0,0,0,0,0,0,0,0,0,0,0,0,0,0,0,0,0,1409.98205,277.44290000000007,0.0,995.53915,1272.98205,137.0,0,0.4756164,0,0,0,(H2)PEA-AEL,chemical-PEA,0.0,0.0,0.0,0.0
70,77,No_Bio,6,2050,2.37195,8.53901,0,0,0,0,0,0,0,0,0,0,0,0,0,0,0,0,0,0,0,0,0,0,0,0,1272.57565,166.0365,0.0,995.53915,1161.57565,111.0,0,0.284634,0,0,0,(EL)PEA,chemical-PEA,0.0,0.0,0.0,0.0
71,82,No_Bio,6,2050,0.29492,1.06171,0,0,0,0,0,0,0,0,0,60.52478,0,0,0,0,0,0,0,0,0,0,0,1.34823,0,0,746.908569,546.8585690000001,145.04999999999998,0,691.908569,55.0,0.967,1.3156651228,0,0,0,(LN)O,chemical-olefins,0.0,0.0,0.0,0.0
72,83,No_Bio,6,2050,0.74416,2.67898,0,0,0,0,0,0,0,0,0,60.52478,2.61106,0,0,0,0,0,0,0,0,0,0,1.34823,0.05333,0,855.2796003333332,592.7822461111111,16.65,0,701.2796003333332,154.0,0.111,0.5322865194666667,0,0,1.002,(LN)O-MEA,chemical-olefins,32.93413173652694,45.83201308494115,78.76614482146809,78.92367711111102
73,84,No_Bio,6,2050,10.41687,37.50071,0,0,0,0,0,0,0,0,0,60.52478,0,0,0,0,0,0,0,0,0,0,0,1.34823,0,0,1310.3950690000001,1255.3950690000001,0.0,0,1255.3950690000001,55.0,0,1.5632991227999997,0,0,0,(LN+EL)O,chemical-olefins,0.0,0.0,0.0,0.0
74,85,No_Bio,6,2050,0.18397,0.66231,0,0,0,0,0,0,0,49.00961,0,0,0,0,0,0,0,0,0,0,0,2.4628,0,0,0,0,1061.6759,1022.6259,22.049999999999997,0,1044.6759,17.0,0.147,1.796543896,0,0,0,(MeOH)O,chemical-olefins,0.0,0.0,0.0,0.0
75,86,No_Bio,6,2050,0.20643,0.74315,0,0,0,0,0,0,0,49.00961,0,0,0,0,0,0,0,0,0,0,0,2.4628,0,0,0,0,1046.5925000000002,1024.1981,2.25,0,1029.5925000000002,17.0,0.015,1.6672390959999999,0,0,0.132,(MeOH)O-MEA,chemical-olefins,0.0,11.910606060606561,11.910606060606561,1.5722000000000662
76,87,No_Bio,6,2050,1.56218,5.62384,0,96.07932,0,0,0,0,0,0,0,0,0,0,0,5.55372,0,0,0,0,0,0,0,0,0,0,5.99805313526e7,5.99802853526e7,0.0,0,5.99802853526e7,246.0,0,0.18746159999999998,0,0,0,((BM)MeOH)O,chemical-olefins,0.0,0.0,0.0,0.0
77,88,No_Bio,6,2050,1.65531,5.95911,0,96.07932,0,0,0,0,0,0,0,0,0,0,0,5.55372,0,0,0,0,0,0,0,0,0,0,5.998033250989999e7,5.99802918717e7,-221.39999999999998,0,5.998008350989999e7,249.0,-1.476,-1.2773628,0,0,1.476,((BM)MeOH)O-MEA,chemical-olefins,0.6775067750677507,4.416734414291253,5.094241189359003,7.519099995493889
78,89,No_Bio,6,2050,1.53095,5.51143,0,93.01873,0,0,0,0,17.93116,0,0,0,0,0,0,5.37681,0,0,0,0,0.14958,0,0,0,0,0,5.8070963362257175e7,5.8070846362257175e7,0.0,0,5.8070846362257175e7,117.0,0,0.183714,0,0,0,((BM+H2)MeOH)O,chemical-olefins,0.0,0.0,0.0,0.0
79,90,No_Bio,6,2050,9.00976,32.4351,0,93.01873,0,0,0,0,0,0,0,0,0,0,0,5.37681,0,0,0,0,0,0,0,0,0,0,5.80703416832e7,5.80701786832e7,0.0,0,5.80701786832e7,163.0,0,1.0811712,0,0,0,((BM+H2)MeOH)O-AEL,chemical-olefins,0.0,0.0,0.0,0.0
80,91,No_Bio,6,2050,1.62398,5.84631,0,93.01873,0,0,0,0,17.93116,0,0,0,0,0,0,5.37681,0,0,0,0,0.14958,0,0,0,0,0,5.8070754148557164e7,5.807085287435717e7,-231.74999999999997,0,5.8070634148557164e7,120.0,-1.545,-1.3501224,0,0,1.545,((BM+H2)MeOH)O-MEA,chemical-olefins,0.6472491909385114,4.214951453857052,4.862200644795563,7.512099996209145
81,92,No_Bio,6,2050,9.10278,32.76997,0,93.01873,0,0,0,0,0,0,0,0,0,0,0,5.37681,0,0,0,0,0,0,0,0,0,0,5.80701174446e7,5.80701851946e7,-231.74999999999997,0,5.80699534446e7,164.0,-1.545,-0.4526664,0,0,1.545,((BM+H2)MeOH)O-MEA-AEL,chemical-olefins,0.0,0.0,0.0,0.0
82,93,No_Bio,6,2050,18.98278,68.33796,0,0,0,0,0,0,0,0,0,0,0,0,0,0,0,0,0,0,0,0,0,0,0,0,2422.3349216,1328.7946000000002,87.89999999999999,125.6403216,1542.3349216000001,880.0,0.586,2.8639336,0,0,0,((COEL)MeOH)O,chemical-olefins,0.0,0.0,0.0,0.0
83,94,No_Bio,6,2050,19.07252,68.661,0,0,0,0,0,0,0,0,0,0,0,0,0,0,0,0,0,0,0,0,0,0,0,0,2365.1303216000006,1335.0764000000001,8.849999999999998,125.6403216,1482.1303216000006,883.0,0.059,2.3477024,0,0,0.528,((COEL)MeOH)O-MEA,chemical-olefins,1.8939393939393938,11.89734848484887,13.791287878788264,7.281800000000204
84,99,No_Bio,5,2050,0.57689,2.07681,0,0,0,0,0,0,0,0,0,0,28.32914,0,0,0,0,0,0,0,0,0,0,0,0.57862,0,585.7516428888889,197.4516428888889,261.29999999999995,0,458.75164288888885,127.0,1.742,2.0142523033333335,0,0,0,(NG)NH3,fertiliser-ammonia,0.0,0.0,0.0,0.0
85,100,No_Bio,5,2050,0.59886,2.1559,0,0,0,0,0,0,0,0,0,0,29.68896,0,0,0,0,0,0,0,0,0,0,0,0.60639,0,954.6836822222222,206.52898933333333,219.0,0,443.6836822222222,511.0,1.46,1.74463408,0,0,0.359,(NG)NH3-MEA,fertiliser-ammonia,356.54596100278553,25.2850875889817,381.8310485917672,137.07734644444443
86,101,No_Bio,5,2050,0.57689,2.07681,0,0,0,0,0,0,0,0,0,0,28.32914,0,0,0,0,0,0,0,0,0,0,0,0.57862,0,372.7516428888889,197.4516428888889,48.300000000000004,0,245.7516428888889,127.0,0.322,0.5942523033333333,0,0,1.42,(NG)NH3-DEA,fertiliser-ammonia,0.0,0.0,0.0,0.0
87,102,No_Bio,5,2050,0.59886,2.1559,0,0,0,0,0,0,0,0,0,0,29.68896,0,0,0,0,0,0,0,0,0,0,0,0.60639,0,741.6836822222222,206.52898933333333,6.0,0,230.6836822222222,511.0,0.04,0.32463408,0,0,1.779,(NG)NH3-MEA-DEA,fertiliser-ammonia,71.95053400786959,5.102499406657915,77.0530334145275,137.07734644444443
88,103,No_Bio,5,2050,0.5939,2.13804,0,0,0,0,0,0,0,0,0,0,26.19013,0,0,0,0,0,0,0,0,0,0,0,0.53493,0,534.0827207777778,186.78272077777777,243.3,0,430.0827207777778,104.0,1.622,1.8809639316666669,0,0,0,(NG)NH3-MVR,fertiliser-ammonia,0.0,0.0,0.0,0.0
89,104,No_Bio,5,2050,0.71804,2.58494,0,0,0,0,0,0,0,0,0,0,26.19013,0,0,0,0,0,0,0,0,0,0,0,0.53493,0,706.8521207777777,195.47252077777776,216.0,0,428.8521207777777,278.0,1.44,1.7138607316666667,0,0,0.182,(NG)NH3-MVR-MEA,fertiliser-ammonia,318.6813186813187,47.746153846153796,366.4274725274725,66.68979999999999
90,105,No_Bio,5,2050,0.5939,2.13804,0,0,0,0,0,0,0,0,0,0,26.19013,0,0,0,0,0,0,0,0,0,0,0,0.53493,0,321.0827207777778,186.78272077777777,30.3,0,217.08272077777778,104.0,0.202,0.46096393166666666,0,0,1.42,(NG)NH3-MVR-DEA,fertiliser-ammonia,0.0,0.0,0.0,0.0
91,106,No_Bio,5,2050,0.71804,2.58494,0,0,0,0,0,0,0,0,0,0,26.19013,0,0,0,0,0,0,0,0,0,0,0,0.53493,0,493.8521207777777,195.47252077777776,3.0,0,215.85212077777774,278.0,0.02,0.2938607316666667,0,0,1.602,(NG)NH3-MVR-MEA-DEA,fertiliser-ammonia,36.20474406991261,5.424344569288384,41.629088639200994,66.68979999999999
92,107,No_Bio,5,2050,1.23943,4.46196,0,40.52165,0,0,0,0,0,0,0,0,0,0,0,2.34229,0,0,0,0,0,0,0,0,0,0,2.5296988760100003e7,2.5296818760100003e7,0.0,0,2.5296818760100003e7,170.0,0,0.1487316,0,0,0,(BM)NH3,fertiliser-ammonia,0.0,0.0,0.0,0.0
93,108,No_Bio,5,2050,1.23943,4.46196,0,40.52165,0,0,0,0,0,0,0,0,0,0,0,2.34229,0,0,0,0,0,0,0,0,0,0,2.5296605210100003e7,2.5296818760100003e7,-383.55,0,2.5296435210100003e7,170.0,-2.557,-2.4082684,0,0,2.557,(BM)NH3-DEA,fertiliser-ammonia,0.0,0.0,0.0,0.0
94,109,No_Bio,5,2050,0.9451,3.40237,0,0,0,0,0,0,23.06373,0,0,0,0,0,0,0,0,0,0,0,0.19239,0,0,0,0,0,2175.274607451384,1598.2746074513839,0.0,0,1598.2746074513839,577.0,0,0.113412,0,0,0,(H2)NH3,fertiliser-ammonia,0.0,0.0,0.0,0.0
95,110,No_Bio,5,2050,10.56462,38.03259,0,0,0,0,0,0,0,0,0,0,0,0,0,0,0,0,0,0,0,0,0,0,0,0,1443.6611952,739.5234,0.0,0.1377952,739.6611952000001,704.0,0,1.2677543999999998,0,0,0,(H2)NH3-AEL,fertiliser-ammonia,0.0,0.0,0.0,0.0
96,115,No_Bio,5,2050,0,0,0,0,0,0,0,0,0,0,0,0,6.50362,0,0,0,0,0,0,0,0,0,0,0,0.13284,0,127.42210489777777,36.05895977777777,61.349999999999994,0.01314512,97.42210489777777,30.0,0.409,0.4556092766666666,0,0,0,(NG)HNO3,fertiliser-nitric-acid,0.0,0.0,0.0,0.0
97,116,No_Bio,5,2050,0,0,0,0,0,0,0,0,0,0,0,0,6.50362,0,0,0,0,0,0,0,0,0,0,0,0.13284,0,66.07210489777776,36.05895977777777,0.0,0.01314512,36.07210489777777,30.0,0,0.046609276666666664,0,0,0.409,(NG)HNO3-DEA,fertiliser-nitric-acid,0.0,0.0,0.0,0.0
98,117,No_Bio,5,2050,0,0,0,11.66354,0,0,0,0,0,0,0,0,0,0,0,0.67419,0,0,0,0,0,0,0,0,0,0,7.281282013145119e6,7.281251999999999e6,0.0,0.01314512,7.281252013145119e6,30.0,0,0.0,0,0,0,(BM)HNO3,fertiliser-nitric-acid,0.0,0.0,0.0,0.0
99,118,No_Bio,5,2050,0,0,0,11.66354,0,0,0,0,0,0,0,0,0,0,0,0.67419,0,0,0,0,0,0,0,0,0,0,7.281171613145119e6,7.281251999999999e6,-110.39999999999999,0.01314512,7.281141613145119e6,30.0,-0.736,-0.736,0,0,0.736,(BM)HNO3-DEA,fertiliser-nitric-acid,0.0,0.0,0.0,0.0
100,119,No_Bio,5,2050,0,0,0,0,0,0,0,0,6.63854,0,0,0,0,0,0,0,0,0,0,0,0.05538,0,0,0,0,0,471.03748682516994,441.02434170516995,0.0,0.01314512,441.03748682516994,30.0,0,0.0,0,0,0,(H2)HNO3,fertiliser-nitric-acid,0.0,0.0,0.0,0.0
101,120,No_Bio,5,2050,2.57466,9.26876,0,0,0,0,0,0,0,0,0,0,0,0,0,0,0,0,0,0,0,0,0,0,0,0,247.27900736000004,180.22620000000003,0.0,0.05280736,180.27900736000004,67.0,0,0.3089592,0,0,0,(H2)HNO3-AEL,fertiliser-nitric-acid,0.0,0.0,0.0,0.0
102,121,No_Bio,5,2050,0,0,0,0,0,0,0,0,0,0,5.44007,0,0,0,0,0,0,0,0,0,0,0,0.28783,0,0,0,260.27714512,230.26399999999998,0.0,0.01314512,230.27714511999997,30.0,0,0.5785382999999998,0,0,0,(NH3)HNO3,fertiliser-nitric-acid,0.0,0.0,0.0,0.0
103,126,No_Bio,5,2050,0.22869,0.8233,0,0,0,0,0,0,0,0,0,0,14.88327,0,0,0,0,0,0,0,0,0,0,0,0.30399,0,159.42776366666666,98.52776366666667,27.9,0,126.42776366666666,33.0,0.186,0.320106235,0,0,0,(NG)Urea,fertiliser-urea,0.0,0.0,0.0,0.0
104,127,No_Bio,5,2050,0.24884,0.89581,0,0,0,0,0,0,0,0,0,0,14.86206,0,0,0,0,0,0,0,0,0,0,0,0.30356,0,246.70647066666666,99.820666,12.3,0,114.70647066666666,132.0,0.082,0.21837223,0,0,0.103,(NG)Urea-MEA,fertiliser-urea,320.3883495145631,12.552449838187675,332.9407993527508,34.29290233333333
105,128,No_Bio,5,2050,0.22869,0.8233,0,0,0,0,0,0,0,0,0,0,14.88327,0,0,0,0,0,0,0,0,0,0,0,0.30399,0,148.92776366666666,98.52776366666667,17.4,0,115.92776366666666,33.0,0.116,0.250106235,0,0,0.07,(NG)Urea-DEA,fertiliser-urea,0.0,0.0,0.0,0.0
106,129,No_Bio,5,2050,0.24884,0.89581,0,0,0,0,0,0,0,0,0,0,14.86206,0,0,0,0,0,0,0,0,0,0,0,0.30356,0,236.05647066666666,99.820666,1.6499999999999997,0,104.05647066666667,132.0,0.011,0.14737223000000002,0,0,0.173,(NG)Urea-MEA-DEA,fertiliser-urea,190.75144508670522,7.473423892100177,198.2248689788054,34.29290233333333
107,130,No_Bio,5,2050,0.48229,1.73625,0,22.99473,0,0,0,0,0,0,0,0,0,0,0,1.32918,0,0,0,0,0,0,0,0,0,0,1.4355207004940799e7,1.43551777603e7,0.0,18.2446408,1.4355196004940799e7,11.0,0,0.0578748,0,0,0,(BM)Urea,fertiliser-urea,0.0,0.0,0.0,0.0
108,131,No_Bio,5,2050,0.48229,1.73625,0,22.99473,0,0,0,0,0,0,0,0,0,0,0,1.32918,0,0,0,0,0,0,0,0,0,0,1.4354989354940798e7,1.43551777603e7,-217.65,18.2446408,1.4354978354940798e7,11.0,-1.451,-1.3931252,0,0,1.451,(BM)Urea-DEA,fertiliser-urea,0.0,0.0,0.0,0.0
109,132,No_Bio,5,2050,0.55494,1.99778,0,0,0,0,0,0,13.08792,0,0,0,0,0,0,0,0,0,0,0,0.10918,0,0,0,0,0,937.5566312545044,908.3119904545044,0.0,18.2446408,926.5566312545044,11.0,0,0.0665928,0,0,0,(H2)Urea,fertiliser-urea,0.0,0.0,0.0,0.0
110,133,No_Bio,5,2050,6.01371,21.64932,0,0,0,0,0,0,0,0,0,0,0,0,0,0,0,0,0,0,0,0,0,0,0,0,522.2825351199999,420.9597,0.0,18.32283512,439.28253512,83.0,0,0.7216452,0,0,0,(H2)Urea-AEL,fertiliser-urea,0.0,0.0,0.0,0.0
111,134,No_Bio,5,2050,0.01863,0.06705,0,0,0,0,0,0,0,0,10.72513,0,0,0,0,0,0,0,0,0,0,0,0.56747,0,0,0,484.5247408,455.2801,0.0,18.2446408,473.5247408,11.0,0,1.1428502999999999,0,0,0,(NH3)Urea,fertiliser-urea,0.0,0.0,0.0,0.0
112,139,No_Bio,3,2050,0.2976,1.07136,0,0,0,0,0,0,0.044,0,0,0,4.72991,0,0,0,0,0,0,0,0.00037,0,0,0,0.09661,0,258.940112982766,50.003256382765976,50.7,105.2368566,205.94011298276598,53.0,0.338,0.40760968833333333,0,0,0,(NG),glass-container,0.0,0.0,0.0,0.0
113,140,No_Bio,3,2050,0.31417,1.131,0,0,0,0,0,0,0.044,0,0,0,4.72991,0,0,0,0,0,0,0,0.00037,0,0,0,0.09661,0,219.36981298276598,51.163156382765976,1.6499999999999997,105.2368566,160.369812982766,59.0,0.011,0.08259808833333333,0,0,0.097,(NG)-CC,glass-container,20.618556701030926,11.957731958763036,32.57628865979396,3.159900000000014
114,141,No_Bio,3,2050,0.2976,1.07136,0,0,0,0,0,0,5.03836,0,0,0,0,0,0,0,0,0,0,0,0.04203,0,0,0,0,0,526.7290964314968,355.5422398314968,10.95,105.2368566,471.72909643149677,55.0,0.073,0.10871199999999999,0,0,0,(H2),glass-container,0.0,0.0,0.0,0.0
115,142,No_Bio,3,2050,0.30116,1.08417,0,0,0,0,0,0,5.03836,0,0,0,0,0,0,0,0,0,0,0,0.04203,0,0,0,0,0,516.8266964314969,355.7914398314968,0.3,105.2368566,461.8266964314969,55.0,0.002,0.0381392,0,0,0.021,(H2)-CC,glass-container,0.0,11.866666666668108,11.866666666668108,0.2492000000000303
116,143,No_Bio,3,2050,2.39902,8.63647,0,0,0,0,0,0,0,0,0,0,0,0,0,0,0,0,0,0,0,0,0,0,0,0,352.1485179,167.93140000000002,10.95,105.2671179,284.1485179,68.0,0.073,0.3608824,0,0,0,(H2)-AEL,glass-container,0.0,0.0,0.0,0.0
117,144,No_Bio,3,2050,2.40258,8.64928,0,0,0,0,0,0,0,0,0,0,0,0,0,0,0,0,0,0,0,0,0,0,0,0,342.24611790000006,168.18060000000003,0.3,105.2671179,274.24611790000006,68.0,0.002,0.2903096,0,0,0.021,(H2)-AEL-CC,glass-container,0.0,11.866666666666754,11.866666666666754,0.24920000000000186
118,145,No_Bio,3,2050,1.41297,5.08667,0,0,0,0,0,0,0.044,0,0,0,0,0,0,0,0,0,0,0,0.00037,0,0,0,0,0,268.04128976054375,101.85443316054376,10.95,105.2368566,218.04128976054375,50.0,0.073,0.2425564,0,0,0,(EL),glass-container,0.0,0.0,0.0,0.0
119,146,No_Bio,3,2050,1.41652,5.09948,0,0,0,0,0,0,0.044,0,0,0,0,0,0,0,0,0,0,0,0.00037,0,0,0,0,0,261.1367897605437,102.10293316054376,0.3,105.2368566,208.1367897605437,53.0,0.002,0.1719824,0,0,0.021,(EL)-CC,glass-container,47.61904761904761,11.833333333332314,59.452380952379926,1.2484999999999786
120,151,No_Bio,3,2050,0.6,2.16,0,0,0,0,0,0,0.044,0,0,0,7.24212,0,0,0,0,0,0,0,0.00037,0,0,0,0.14792,0,350.69027916054375,85.10006516054375,95.10000000000001,90.490214,270.69027916054375,80.0,0.634,0.75790186,0,0,0,(NG),glass-fibre,0.0,0.0,0.0,0.0
121,152,No_Bio,3,2050,0.63105,2.27179,0,0,0,0,0,0,0.044,0,0,0,7.24212,0,0,0,0,0,0,0,0.00037,0,0,0,0.14792,0,277.11077916054376,87.27356516054375,3.0,90.490214,185.11077916054376,92.0,0.02,0.14762786,0,0,0.183,(NG)-CC,glass-fibre,21.85792349726776,11.877049180327893,33.73497267759565,6.173500000000004
122,153,No_Bio,3,2050,0.6,2.16,0,0,0,0,0,0,7.16721,0,0,0,0,0,0,0,0,0,0,0,0.05979,0,0,0,0,0,719.6840455375968,518.1438315375968,34.05,90.490214,642.6840455375968,77.0,0.227,0.299,0,0,0,(H2),glass-fibre,0.0,0.0,0.0,0.0
123,154,No_Bio,3,2050,0.61114,2.20009,0,0,0,0,0,0,7.16721,0,0,0,0,0,0,0,0,0,0,0,0.05979,0,0,0,0,0,695.0234455375969,518.9236315375969,1.05,90.490214,612.0234455375969,83.0,0.007,0.0803368,0,0,0.066,(H2)-CC,glass-fibre,30.3030303030303,11.815151515151863,42.118181818182165,2.779800000000023
124,155,No_Bio,3,2050,3.58933,12.92157,0,0,0,0,0,0,0,0,0,0,0,0,0,0,0,0,0,0,0,0,0,0,0,0,471.83635032,251.25310000000002,34.05,90.53325032,375.83635032,96.0,0.227,0.6577196,0,0,0,(H2)-AEL,glass-fibre,0.0,0.0,0.0,0.0
125,156,No_Bio,3,2050,3.60046,12.96166,0,0,0,0,0,0,0,0,0,0,0,0,0,0,0,0,0,0,0,0,0,0,0,0,444.1736503200001,252.03220000000005,1.05,90.53325032,345.1736503200001,99.0,0.007,0.4390552,0,0,0.066,(H2)-AEL-CC,glass-fibre,15.15151515151515,11.80454545454588,26.95606060606103,1.779100000000028
126,157,No_Bio,3,2050,2.19079,7.88683,0,0,0,0,0,0,0.044,0,0,0,0,0,0,0,0,0,0,0,0.00037,0,0,0,0,0,351.8420471605437,156.30183316054374,34.05,90.490214,280.8420471605437,71.0,0.227,0.48989479999999996,0,0,0,(EL),glass-fibre,0.0,0.0,0.0,0.0
127,158,No_Bio,3,2050,2.20193,7.92693,0,0,0,0,0,0,0.044,0,0,0,0,0,0,0,0,0,0,0,0.00037,0,0,0,0,0,324.1814471605437,157.08163316054373,1.05,90.490214,250.1814471605437,74.0,0.007,0.2712316,0,0,0.066,(EL)-CC,glass-fibre,15.15151515151515,11.815151515151431,26.966666666666583,1.7797999999999945
128,163,No_Bio,3,2050,0.222,0.7992,0,0,0,0,0,0,0.044,0,0,0,5.43076,0,0,0,0,0,0,0,0.00037,0,0,0,0.11092,0,267.7882959916549,48.59708027165486,73.04999999999998,85.14121572,206.78829599165485,61.0,0.487,0.5525604466666667,0,0,0,(NG),glass-float,0.0,0.0,0.0,0.0
129,164,No_Bio,3,2050,0.24583,0.885,0,0,0,0,0,0,0.044,0,0,0,5.43076,0,0,0,0,0,0,0,0.00037,0,0,0,0.11092,0,211.1425959916549,50.26518027165486,2.4,85.14121572,141.1425959916549,70.0,0.016,0.08442004666666666,0,0,0.14,(NG)-CC,glass-float,21.428571428571427,11.915000000000068,33.343571428571494,4.66810000000001
130,165,No_Bio,3,2050,0.222,0.7992,0,0,0,0,0,0,5.7784,0,0,0,0,0,0,0,0,0,0,0,0.0482,0,0,0,0,0,574.8268869043479,399.385671184348,27.299999999999997,85.14121572,511.826886904348,63.0,0.182,0.20864,0,0,0,(H2),glass-float,0.0,0.0,0.0,0.0
131,166,No_Bio,3,2050,0.2309,0.83123,0,0,0,0,0,0,5.7784,0,0,0,0,0,0,0,0,0,0,0,0.0482,0,0,0,0,0,553.2958869043479,400.008671184348,0.9,85.14121572,487.2958869043479,66.0,0.006,0.033708,0,0,0.052,(H2)-CC,glass-float,19.23076923076923,11.980769230769047,31.211538461538275,1.6229999999999902
132,167,No_Bio,3,2050,2.63208,9.47547,0,0,0,0,0,0,0,0,0,0,0,0,0,0,0,0,0,0,0,0,0,0,0,0,374.72152140000003,184.24560000000002,27.299999999999997,85.1759214,296.72152140000003,78.0,0.182,0.4978496,0,0,0,(H2)-AEL,glass-float,0.0,0.0,0.0,0.0
133,168,No_Bio,3,2050,2.64098,9.5075,0,0,0,0,0,0,0,0,0,0,0,0,0,0,0,0,0,0,0,0,0,0,0,0,353.19052139999997,184.86860000000001,0.9,85.1759214,272.19052139999997,81.0,0.006,0.32291759999999997,0,0,0.052,(H2)-AEL-CC,glass-float,19.23076923076923,11.980769230769047,31.211538461538275,1.6229999999999902
134,169,No_Bio,3,2050,1.50263,5.40948,0,0,0,0,0,0,0.044,0,0,0,0,0,0,0,0,0,0,0,0.00037,0,0,0,0,0,278.57184888054377,108.13063316054375,27.299999999999997,85.14121572,220.57184888054377,58.0,0.182,0.36231559999999996,0,0,0,(EL),glass-float,0.0,0.0,0.0,0.0
135,170,No_Bio,3,2050,1.51153,5.44151,0,0,0,0,0,0,0.044,0,0,0,0,0,0,0,0,0,0,0,0.00037,0,0,0,0,0,257.0408488805438,108.75363316054377,0.9,85.14121572,196.04084888054382,61.0,0.006,0.1873836,0,0,0.052,(EL)-CC,glass-float,19.23076923076923,11.980769230769594,31.211538461538822,1.6230000000000186
136,175,No_Bio,4,2050,0.03986,0.14351,0,0,0,0,0,67.22939,0,0,0,0,2.50958,0,0,0,0,0,0,1.56822,0,0,0,0,0.05126,0,690.5147155688888,596.9458268888889,34.65,14.91888868,646.5147155688888,44.0,0.231,0.6181601225333334,0,0,0,REF-SMR,refineries-light-liquid-fuel,0.0,0.0,0.0,0.0
137,176,No_Bio,4,2050,0.03986,0.14351,0,0,0,0,0,67.22939,0.50519,0,0,0,1.72555,0,0,0,0,0,0,1.56822,0.00421,0,0,0,0.03524,0,705.809013996217,626.125585316217,28.35,7.33342868,661.809013996217,44.0,0.189,0.5705412408666667,0,0,0,REF(H2),refineries-light-liquid-fuel,0.0,0.0,0.0,0.0
138,177,No_Bio,4,2050,0.06875,0.2475,0,0,0,0,0,67.22939,0.50519,0,0,0,1.72555,0,0,0,0,0,0,1.56822,0.00421,0,0,0,0.03524,0,683.4491691962171,628.147885316217,2.8499999999999996,6.35784708,639.4491691962171,44.0,0.019,0.4040080408666667,0,0,0.17,REF(H2)-MEA,refineries-light-liquid-fuel,0.0,6.157167058823715,6.157167058823715,1.0467184000000316
139,178,No_Bio,4,2050,0.0752,0.27071,0,0,0,0,0,67.22939,0,0,0,0,2.50958,0,0,0,0,0,0,1.56822,0,0,0,0,0.05126,0,666.1560775688888,599.4196268888888,3.4499999999999997,13.72554268,619.1560775688888,47.0,0.023,0.4144009225333334,0,0,0.208,REF-SMR-MEA,refineries-light-liquid-fuel,4.8076923076923075,6.15602884615367,10.963721153845977,2.2804539999999633
140,179,No_Bio,4,2050,0.8507,3.0625,0,85.27415,0,0,0,0,0,0,0,0,0,0,0,4.92915,0,0,0,0,0,0,0,0,0,0,5.323511950692728e7,5.3234879549e7,0.0,46.95792728,5.323492650692728e7,193.0,0,0.102084,0,0,0,(BM)FT,refineries-light-liquid-fuel,0.0,0.0,0.0,0.0
141,180,No_Bio,4,2050,0.82298,2.96273,0,82.55775,0,0,0,0,15.91461,0,0,0,0,0,0,4.77213,0,0,0,0,0.13275,0,0,0,0,0,5.154024163677918e7,5.1540118776916385e7,0.0,44.8598628,5.154016363677918e7,78.0,0,0.0987576,0,0,0,(BM+H2)FT,refineries-light-liquid-fuel,0.0,0.0,0.0,0.0
142,181,No_Bio,4,2050,7.46071,26.85854,0,82.55775,0,0,0,0,0,0,0,0,0,0,0,4.77213,0,0,0,0,0,0,0,0,0,0,5.15396601095628e7,5.15395262497e7,0.0,44.8598628,5.15395711095628e7,89.0,0,0.8952851999999999,0,0,0,(BM+H2)FT-AEL,refineries-light-liquid-fuel,0.0,0.0,0.0,0.0
143,182,No_Bio,4,2050,0.94584,3.40503,0,85.27415,0,0,0,0,0,0,0,0,0,0,0,4.92915,0,0,0,0,0,0,0,0,0,0,5.323487979565209e7,5.32348862088e7,-250.04999999999998,43.74436888,5.323468679565209e7,193.0,-1.667,-1.5534992,0,0,1.667,(BM)FT-MEA,refineries-light-liquid-fuel,0.0,2.067331495081942,2.067331495081942,3.446241602301597
144,183,No_Bio,4,2050,0.91803,3.30492,0,82.55775,0,0,0,0,15.91461,0,0,0,0,0,0,4.77213,0,0,0,0,0.13275,0,0,0,0,0,5.153999561632929e7,5.154012543041639e7,-259.35,41.64954616,5.153991461632929e7,81.0,-1.729,-1.6188364000000002,0,0,1.729,(BM+H2)FT-MEA,refineries-light-liquid-fuel,0.578368999421631,1.9914305204942502,2.569799519915881,4.443183369934559
145,184,No_Bio,4,2050,7.55576,27.20073,0,82.55775,0,0,0,0,0,0,0,0,0,0,0,4.77213,0,0,0,0,0,0,0,0,0,0,5.1539414089112885e7,5.15395329032e7,-259.35,41.64954616,5.1539322089112885e7,92.0,-1.729,-0.8223088000000001,0,0,1.729,(BM+H2)FT-AEL-MEA,refineries-light-liquid-fuel,0.578368999421631,1.9914305161850654,2.5697995156066966,4.443183362483978
146,185,No_Bio,4,2050,1.20606,4.3418,0,84.07821,0,0,0,0,0,0,0,0,0,0,0,4.86002,0,0,0,0,0,0,0,0,0,0,5.248855069969087e7,5.248830042419999e7,0.0,49.27549088,5.248834969969087e7,201.0,0,0.14472719999999997,0,0,0,(BM)MeOH,refineries-light-liquid-fuel,0.0,0.0,0.0,0.0
147,186,No_Bio,4,2050,1.17873,4.24343,0,81.3999,0,0,0,0,15.69141,0,0,0,0,0,0,4.7052,0,0,0,0,0.13089,0,0,0,0,0,5.0817420073965825e7,5.0817284867114544e7,0.0,47.20685128,5.0817332073965825e7,88.0,0,0.1414476,0,0,0,(BM+H2)MeOH,refineries-light-liquid-fuel,0.0,0.0,0.0,0.0
148,187,No_Bio,4,2050,7.72337,27.8041,0,81.3999,0,0,0,0,0,0,0,0,0,0,0,4.7052,0,0,0,0,0,0,0,0,0,0,5.081684684275127e7,5.081670063589999e7,0.0,47.20685128,5.081674784275127e7,99.0,0,0.9268044,0,0,0,(BM+H2)MeOH-AEL,refineries-light-liquid-fuel,0.0,0.0,0.0,0.0
149,188,No_Bio,4,2050,1.2679,4.56444,0,84.07821,0,0,0,0,0,0,0,0,0,0,0,4.86002,0,0,0,0,0,0,0,0,0,0,5.2488381019747026e7,5.248830475299999e7,-176.39999999999998,47.1867096,5.2488180019747026e7,201.0,-1.176,-1.023852,0,0,1.176,(BM)MeOH-MEA,refineries-light-liquid-fuel,0.0,1.9047778213814814,1.9047778213814814,2.240018717944622
150,189,No_Bio,4,2050,1.24048,4.46573,0,81.3999,0,0,0,0,15.69141,0,0,0,0,0,0,4.7052,0,0,0,0,0.13089,0,0,0,0,0,5.081724138471069e7,5.081728918961454e7,-185.39999999999998,45.12126624,5.081715338471069e7,88.0,-1.236,-1.0871424,0,0,1.236,(BM+H2)MeOH-MEA,refineries-light-liquid-fuel,0.0,1.8098017435918734,1.8098017435918734,2.2369149550795555
151,190,No_Bio,4,2050,7.78512,28.02641,0,81.3999,0,0,0,0,0,0,0,0,0,0,0,4.7052,0,0,0,0,0,0,0,0,0,0,5.081666815349616e7,5.0816704958399996e7,-185.39999999999998,45.12126624,5.081656915349616e7,99.0,-1.236,-0.3017856,0,0,1.236,(BM+H2)MeOH-AEL-MEA,refineries-light-liquid-fuel,0.0,1.8098017496198513,1.8098017496198513,2.236914962530136
152,191,No_Bio,4,2050,16.31216,58.72373,0,0,0,0,0,0,0,0,0,0,0,0,0,0,0,0,0,0,0,0,0,0,0,0,2170.2511342,1141.8512,90.3,183.0999342,1415.2511342,755.0,0.602,2.5594591999999996,0,0,0,(COEL)FT,refineries-light-liquid-fuel,0.0,0.0,0.0,0.0
153,192,No_Bio,4,2050,16.40429,59.05541,0,0,0,0,0,0,0,0,0,0,0,0,0,0,0,0,0,0,0,0,0,0,0,0,2098.9630528000002,1148.3003,9.0,179.9881404,1343.9630528000002,755.0,0.06,2.0285148,0,0,0.542,(COEL)FT-MEA,refineries-light-liquid-fuel,0.0,6.157391512915234,6.157391512915234,3.3373062000000573
154,193,No_Bio,4,2050,16.45068,59.22239,0,0,0,0,0,0,0,0,0,0,0,0,0,0,0,0,0,0,0,0,0,0,0,0,2154.7531489000003,1151.5476,57.74999999999999,190.4555489,1399.7531489,755.0,0.385,2.3590815999999997,0,0,0,(COEL)MeOH,refineries-light-liquid-fuel,0.0,0.0,0.0,0.0
155,194,No_Bio,4,2050,16.50955,59.43434,0,0,0,0,0,0,0,0,0,0,0,0,0,0,0,0,0,0,0,0,0,0,0,0,2109.1005172000005,1155.6685000000002,5.699999999999999,188.467105,1354.1005172000005,755.0,0.038,2.019146,0,0,0.346,(COEL)MeOH-MEA,refineries-light-liquid-fuel,0.0,6.163167919075511,6.163167919075511,2.1324561000001268
156,199,No_Bio,1,2050,0.18432,0.66355,0,0,0,17.71185,1.12671,0,0,0,0,0,0,0,0,0,0,0.62382,0.03533,0,0,0,0,0,0,0,767.9159873,92.71706,300.29999999999995,341.8989273,734.9159873,33.0,2.002,2.3435898799999997,0,0,0,BF-BOF,steel-primary,0.0,0.0,0.0,0.0
157,200,No_Bio,1,2050,0.41698,1.50111,0,0,0,17.71185,1.12671,0,0,0,0,0,0.57891,0,0,0,0,0.62382,0.03533,0,0,0,0,0,0.01182,0,737.6037903000001,112.21299433333334,118.5,341.8989273,611.6037903000001,126.0,0.79,1.163657935,0,0,1.369,BF-BOF-MEA,steel-primary,22.644265887509132,14.241003895787705,36.885269783296835,50.495934333333366
158,201,No_Bio,1,2050,0.24914,0.89689,0,0,0,15.95184,1.12671,0,0,0,0,0,0,1.88543,0,0,0,0.56415,0.03533,0,0,0,0,0,0,0.06082,795.9066631000001,108.04171000000001,294.15000000000003,361.7149531,763.9066631000001,32.0,1.961,2.3654808995,0,0,0,WPI-BOF,steel-primary,0.0,0.0,0.0,0.0
159,202,No_Bio,1,2050,0.47574,1.71266,0,0,0,15.95184,1.12671,0,0,0,0,0,0.23159,1.88543,0,0,0,0.56415,0.03533,0,0,0,0,0,0.00473,0.06082,760.3447767666667,125.1877478888889,117.15,361.7149531,638.3447767666667,122.0,0.781,1.2143326278333333,0,0,1.333,WPI-BOF-MEA,steel-primary,22.50562640660165,12.862744102692346,35.368370509293996,47.1460378888889
160,203,No_Bio,1,2050,0.57302,2.06286,0,0,0,0.40183,0,0,0,0,0,0,7.45232,0,0,0,0,0.01674,0,0,0,0,0,0,0.15221,0,461.06348442222225,83.52287422222223,97.65,247.8906102,429.06348442222225,32.0,0.651,0.7814126323333334,0,0,0,(NG)DRI-EAF,steel-primary,0.0,0.0,0.0,0.0
161,204,No_Bio,1,2050,0.67259,2.42132,0,0,0,0.40183,0,0,0,0,0,0,7.45232,0,0,0,0,0.01674,0,0,0,0,0,0,0.15221,0,436.0731844222222,90.49277422222224,9.75,247.8906102,362.0731844222222,74.0,0.065,0.20736103233333333,0,0,0.586,(NG)DRI-EAF-MEA,steel-primary,23.890784982935156,11.894027303754235,35.78481228668939,20.96989999999998
162,205,No_Bio,1,2050,0.57302,2.06286,0,0,0,0.40183,0,0,2.94917,0,0,0,4.99306,0,0,0,0,0.01674,0,0,0.0246,0,0,0,0.10198,0,612.7328911382541,265.7922809382541,67.05,247.8906102,580.7328911382541,32.0,0.447,0.5597879356666666,0,0,0,(NG+H2)DRI-EAF,steel-primary,0.0,0.0,0.0,0.0
163,206,No_Bio,1,2050,1.80307,6.49105,0,0,0,0.40183,0,0,0,0,0,0,4.99306,0,0,0,0,0.01674,0,0,0,0,0,0,0.10198,0,504.9317539777778,155.99114377777778,67.05,247.8906102,470.9317539777778,34.0,0.447,0.7073939356666666,0,0,0,(NG+H2)DRI-EAF-AEL,steel-primary,0.0,0.0,0.0,0.0
164,207,No_Bio,1,2050,0.57302,2.06286,0,0,0,0.40183,0,0,11.39921,0,0,0,0,0,0,0,0,0.01674,0,0,0.09509,0,0,0,0,0,1108.3035324597438,799.4629222597437,28.95,247.8906102,1076.3035324597438,32.0,0.193,0.270004339,0,0,0,(H2)DRI-EAF,steel-primary,0.0,0.0,0.0,0.0
165,208,No_Bio,1,2050,5.32745,19.1788,0,0,0,0.40183,0,0,0,0,0,0,0,0,0,0,0,0.01674,0,0,0,0,0,0,0,0,691.8546102,375.014,28.95,247.8906102,651.8546102,40.0,0.193,0.840535939,0,0,0,(H2)DRI-EAF-AEL,steel-primary,0.0,0.0,0.0,0.0
166,209,No_Bio,1,2050,3.98354,14.34072,0,0,0,0,0,0,0,0,0,0,0,0,0,0,0,0,0,0,0,0,0,0,0,0,575.6418038,278.8478,0.0,222.7940038,501.64180380000005,74.0,0,0.47802479999999997,0,0,0,MOE,steel-primary,0.0,0.0,0.0,0.0
167,214,No_Bio,1,2050,0.41635,1.49885,0,0,0,0.29583,0,0,0,0,0,0,0.18909,0,0,0,0,0.01233,0,0,0,0,0,0,0.00386,0,530.8993595,31.734149000000006,6.0,475.1652105,512.8993595,18.0,0.04,0.0973878205,0,0,0,Scraps EAF,steel-secondary,0.0,0.0,0.0,0.0
168,63,No_Bio,2,2050,0.149696207,0.538905061,1.062746742,0,1.592006552,0.26812439,0,0,0,0,0,0,0.03339035,0,0.030097425,0,0.123410657,0.009088538,0,0,0,0,0,0,0.000682,0,1.3328917528492706e6,1.3328471483510507e6,5.0957754,27.16323682,1.3328794073632706e6,12.345486,0.033971836,0.05687816046263333,0,0,0.501418443,EU-mix-2050,cement,0.0,0.0,0.0,0.0
169,72,No_Bio,6,2050,0.162030633,0.583309957,0,0,0,0,0,0,0.111554005,0,0,0,0.095255721,0,0,0,0,0,0,0,0.000929437,0,0,0,0.001946549,0,1006.3737067715765,19.271951771576493,0.093885,950.0075,969.3733367715765,37.00037,0.0006259,0.0207522419605,0,0,0.00469425,EU-mix-2050,chemical-PE,0.0,-2.270467281546893e-12,-2.270467281546893e-12,-1.0658141036401503e-14
170,81,No_Bio,6,2050,1.024926771,3.689733942,0,0,0,0,0,0,2.73687783,0,0,0,3.209868171,0,0,0,0,0,0,0,0.022830335,0,0,0,0.065561656,0,1385.139872233837,271.35353713383677,2.6932605,995.5291946,1269.575992233837,115.56388,0.01795507,0.1639503377455,0,0,0.16232849,EU-mix-2050,chemical-PEA,0.0,7.003504912884734e-13,7.003504912884734e-13,1.1368683772161603e-13
171,98,No_Bio,6,2050,7.042409775,25.35265267,0,22.41190089,0,0,0,0,2.125201083,15.24737977,0,8.518257537,0.212749169,0,0,1.295486416,0,0,0,0,0.017728222,0.766201708,0,0.18974989,0.004345328,0,1.3992653550670318e7,1.3992276823666869e7,4.809963,39.08796045,1.3992320721590318e7,332.82908,0.03206642,1.4290919924987935,0,0,0.28697556,EU-mix-2050,chemical-olefins,0.0,0.0,0.0,0.0
172,114,No_Bio,5,2050,0.878122911,3.161250545,0,2.0260825,0,0,0,0,16.144611,0,0,0,6.914088481,0,0,0.1171145,0,0,0,0,0.134673,0,0,0,0.141219254,0,1.266471312121453e6,1.266008885708453e6,10.222082999999998,0,1.266019107791453e6,452.20433,0.06814722,0.22307293676716666,0,0,0.35795634,EU-mix-2050,fertiliser-ammonia,0.0,0.0,0.0,0.0
173,125,No_Bio,5,2050,0,0,0,3.0325204,0,0,0,0,2.608547908,0,0,0,2.257146357,0,0,0.1752894,0,0,0,0,0.021761017,0,0,0,0.04610345,0,1.8933437435019363e6,1.8933113307258163e6,2.3996310000000003,0.01314512,1.8933137435019363e6,30.0,0.01599754,0.032173755558499995,0,0,0.12595,EU-mix-2050,fertiliser-nitric-acid,0.0,0.0,0.0,0.0
174,138,No_Bio,5,2050,0.494672678,1.78082131,0,10.47708883,0,0,0,0,5.96324899,0,0,0,1.318710584,0,0,0.605614283,0,0,0,0,0.049745683,0,0,0,0.026934879,0,6.541105946912581e6,6.541072349882201e6,1.0913789999999999,16.62561138,6.541090066872581e6,15.88004,0.00727586,0.07608734054533332,0,0,0.00913919,EU-mix-2050,fertiliser-urea,0.0,0.0,0.0,0.0
175,150,No_Bio,3,2050,0.724646017,2.608720287,0,0,0,0,0,0,1.930269885,0,0,0,1.157125182,0,0,0,0,0,0,0,0.016104149,0,0,0,0.02363467,0,347.44500156561656,185.38788896561658,3.464016,105.2368566,294.08876156561655,53.35624,0.02309344,0.11834369251099999,0,0,0.03400496,EU-mix-2050,glass-container,0.0,0.0,0.0,0.0
176,162,No_Bio,3,2050,1.066771668,3.840371759,0,0,0,0,0,0,3.122723034,0,0,0,2.056037868,0,0,0,0,0,0,0,0.026051922,0,0,0,0.041994488,0,468.6661066485818,293.5407722485818,6.4978454999999995,90.4911189,390.5297366485818,78.13637,0.04331897,0.186066508214,0,0,0.0894285,EU-mix-2050,glass-fibre,0.0,0.0,0.0,0.0
177,174,No_Bio,3,2050,0.690417927,2.485506516,0,0,0,0,0,0,2.087969096,0,0,0,1.559225504,0,0,0,0,0,0,0,0.017418522,0,0,0,0.031846241,0,347.89863481750734,195.6884905075074,4.99128,85.14036431,285.8201348175073,62.0785,0.0332752,0.12729980068533334,0,0,0.07005484,EU-mix-2050,glass-float,0.0,-4.05706578309279e-13,-4.05706578309279e-13,-2.842170943040401e-14
178,198,No_Bio,4,2050,1.973636014,7.105086114,0,28.1514428,0,0,0,38.31739083,0.226971763,0,0,0,1.078086123,0,0,1.627253729,0,0,0,0.893806989,0.001891469,0,0,0,0.022018171,0,1.7575048633742016e7,1.7574830176603988e7,15.1396635,38.97705453,1.7574884293322016e7,164.34042,0.10093109,0.55317868752554,0,0,0.0599744,EU-mix-2050,refineries-light-liquid-fuel,0.0,0.0,0.0,0.0
179,213,No_Bio,1,2050,0.746743976,2.688267222,0,0,0,3.480876841,0.212610177,0,6.712994769,0,0,0,1.338893683,0.177890321,0,0,0,0.124778912,0.006666771,0,0.055998501,0,0,0,0.027345867,0.005738367,872.8615683631742,523.3108843631742,40.933882499999996,266.1695015,830.4142683631742,42.4473,0.27289255,0.44383123836386673,0,0,0.3542021,EU-mix-2050,steel-primary,0.0,0.0,0.0,0.0
180,218,No_Bio,1,2050,0.41635,1.49885,0,0,0,0.29583,0,0,0,0,0,0,0.18909,0,0,0,0,0.01233,0,0,0,0,0,0,0.00386,0,530.8993595,31.734149000000006,6.0,475.1652105,512.8993595,18.0,0.04,0.0973878205,0,0,0,EU-mix-2050,steel-secondary,0.0,0.0,0.0,0.0
181,0,No_Bio,2,2050,0.08029,0.28905,0.739281,0,0.4434736,1.151172,0,0,0,0,0,0,0,0,0.020937,0,0.0343776,0.0390204,0,0,0,0,0,0,0,0,371389.7881085,371288.7537208,74.727,23.3073877,371386.7881085,3.0,0.49818,0.5271856151400001,0,0,0,EU-mix-2018,cement,0.0,0.0,0.0,0.0
182,69,No_Bio,6,2050,0.13675,0.4923,0,0,0,0,0,0,0.00597,0,0,0,0.29048,0,0,0,0,0,0,0,5.0e-5,0,0,0,0.00593,0,1000.9792303790525,11.58123037905246,2.4,949.998,963.9792303790525,37.0,0.016,0.034491773333333337,0,0,0,EU-mix-2018,chemical-PE,0.0,0.0,0.0,0.0
183,78,No_Bio,6,2050,0.36,1.296,0,0,0,0,0,0,0,0,0,0,8.16321,0,0,0,0,0,0,0,0,0,0,0,0.16673,0,1246.8496143333332,70.46046433333333,68.85,995.53915,1134.8496143333332,112.0,0.459,0.560703005,0,0,0,EU-mix-2018,chemical-PEA,0.0,0.0,0.0,0.0
184,95,No_Bio,6,2050,0.29492,1.06171,0,0,0,0,0,0,0,0,0,60.52478,0,0,0,0,0,0,0,0,0,0,0,1.34823,0,0,746.908569,546.8585690000001,145.04999999999998,0,691.908569,55.0,0.967,1.3156651228,0,0,0,EU-mix-2018,chemical-olefins,0.0,0.0,0.0,0.0
185,111,No_Bio,5,2050,0.57689,2.07681,0,0,0,0,0,0,0,0,0,0,28.32914,0,0,0,0,0,0,0,0,0,0,0,0.57862,0,585.7516428888889,197.4516428888889,261.29999999999995,0,458.75164288888885,127.0,1.742,2.0142523033333335,0,0,0,EU-mix-2018,fertiliser-ammonia,0.0,0.0,0.0,0.0
186,122,No_Bio,5,2050,0,0,0,0,0,0,0,0,0,0,0,0,6.50362,0,0,0,0,0,0,0,0,0,0,0,0.13284,0,127.42210489777777,36.05895977777777,61.349999999999994,0.01314512,97.42210489777777,30.0,0.409,0.4556092766666666,0,0,0,EU-mix-2018,fertiliser-nitric-acid,0.0,0.0,0.0,0.0
187,135,No_Bio,5,2050,0.22869,0.8233,0,0,0,0,0,0,0,0,0,0,14.88327,0,0,0,0,0,0,0,0,0,0,0,0.30399,0,159.42776366666666,98.52776366666667,27.9,0,126.42776366666666,33.0,0.186,0.320106235,0,0,0,EU-mix-2018,fertiliser-urea,0.0,0.0,0.0,0.0
188,147,No_Bio,3,2050,0.2976,1.07136,0,0,0,0,0,0,0.044,0,0,0,4.72991,0,0,0,0,0,0,0,0.00037,0,0,0,0.09661,0,258.940112982766,50.003256382765976,50.7,105.2368566,205.94011298276598,53.0,0.338,0.40760968833333333,0,0,0,EU-mix-2018,glass-container,0.0,0.0,0.0,0.0
189,159,No_Bio,3,2050,0.6,2.16,0,0,0,0,0,0,0.044,0,0,0,7.24212,0,0,0,0,0,0,0,0.00037,0,0,0,0.14792,0,350.69027916054375,85.10006516054375,95.10000000000001,90.490214,270.69027916054375,80.0,0.634,0.75790186,0,0,0,EU-mix-2018,glass-fibre,0.0,0.0,0.0,0.0
190,171,No_Bio,3,2050,0.222,0.7992,0,0,0,0,0,0,0.044,0,0,0,5.43076,0,0,0,0,0,0,0,0.00037,0,0,0,0.11092,0,267.7882959916549,48.59708027165486,73.04999999999998,85.14121572,206.78829599165485,61.0,0.487,0.5525604466666667,0,0,0,EU-mix-2018,glass-float,0.0,0.0,0.0,0.0
191,195,No_Bio,4,2050,0.03986,0.14351,0,0,0,0,0,67.22939,0,0,0,0,2.50958,0,0,0,0,0,0,1.56822,0,0,0,0,0.05126,0,690.5147155688888,596.9458268888889,34.65,14.91888868,646.5147155688888,44.0,0.231,0.6181601225333334,0,0,0,EU-mix-2018,refineries-light-liquid-fuel,0.0,0.0,0.0,0.0
192,210,No_Bio,1,2050,0.18432,0.66355,0,0,0,17.71185,1.12671,0,0,0,0,0,0,0,0,0,0,0.62382,0.03533,0,0,0,0,0,0,0,767.9159873,92.71706,300.29999999999995,341.8989273,734.9159873,33.0,2.002,2.3435898799999997,0,0,0,EU-mix-2018,steel-primary,0.0,0.0,0.0,0.0
193,215,No_Bio,1,2050,0.41635,1.49885,0,0,0,0.29583,0,0,0,0,0,0,0.18909,0,0,0,0,0.01233,0,0,0,0,0,0,0.00386,0,530.8993595,31.734149000000006,6.0,475.1652105,512.8993595,18.0,0.04,0.0973878205,0,0,0,EU-mix-2018,steel-secondary,0.0,0.0,0.0,0.0
