solution_id,configuration_id,scenario_id,aidres_sector_id,horizon,electricity_[mwh/t],electricity_[gj/t],alternative_fuel_mixture_[gj/t],biomass_[gj/t],biomass_waste_[gj/t],coal_[gj/t],coke_[gj/t],crude_oil_[gj/t],hydrogen_[gj/t],methanol_[gj/t],ammonia_[gj/t],naphtha_[gj/t],natural_gas_[gj/t],plastic_mix_[gj/t],alternative_fuel_mixture_[t/t],biomass_[t/t],biomass_waste_[t/t],coal_[t/t],coke_[t/t],crude_oil_[t/t],hydrogen_[t/t],methanol_[t/t],ammonia_[t/t],naphtha_[t/t],natural_gas_[t/t],plastic_mix_[t/t],totex_[eur/t],opex_var_[eur/t],co2_allowance_[eur/t],opex_cst_[eur/t],opex_[eur/t],capex_[eur/t],direct_emission_[tco2/t],total_emission_[tco2/t],direct_emission_reduction_[%],total_emission_reduction_[%],captured_co2_[tco2/t],route_name,product_id,capex_cc_eur_tCO2,opex_cc_eur_tCO2,totex_cc_eur_tCO2,totex_cc_eur_t,Additional_cc_capex
1,1,No_CDR_price,2,2050,0.09882,0.35576,0,0,0,2.89315,0,0,0,0,0,0,0,0,0,0,0,0.09807,0,0,0,0,0,0,0,0,158.6108937,19.17615,106.64999999999999,29.7847437,155.6108937,3.0,0.711,0.7711431645,0,0,0,CEM1-(Coal),cement,0.0,0.0,0.0,0.0,0.0
2,2,No_CDR_price,2,2050,0.22517,0.81059,0,0,0,5.44483,0,0,0,0,0,0,0,0,0,0,0,0.18457,0,0,0,0,0,0,0,0,124.10061956218,38.83315,27.9,29.7847437,96.5178937,27.58272586218,0.186,0.30389343950000003,0,0,0.743,CEM1-(Coal)MEA,cement,4.037685060565276,26.456258411843873,30.49394347240915,22.656999999999996,29.04808326
3,3,No_CDR_price,2,2050,0.16721,0.60194,0,0,0,2.89315,0,0,0,0,0,0,0,0,0,0,0,0.09807,0,0,0,0,0,0,0,0,126.8557632397,23.96345,17.4,39.2087037,80.5721537,46.283609539699995,0.116,0.18434996450000002,0,0,0.595,CEM1-(Coal)CaL,cement,43.69747899159664,23.8844705882353,67.58194957983194,40.21126,29.04808326
4,4,No_CDR_price,2,2050,0.25105,0.90379,0,0,0,4.1936,0,0,0,0,0,0,0,0,0,0,0,0.14216,0,0,0,0,0,0,0,0,122.92807092404,35.343500000000006,21.9,34.87750782,92.12100782,30.807063104039997,0.146,0.246118476,0,0,0.854,CEM1-(Coal)Oxy-MEA,cement,3.51288056206089,24.89474721311477,28.40762777517566,24.26011412000001,29.04808326
5,5,No_CDR_price,2,2050,0.20532,0.73917,0,0,0,2.91142,0,0,0,0,0,0,0,0,0,0,0,0.09869,0,0,0,0,0,0,0,0,122.78457489697999,26.708650000000002,16.95,37.1241607,80.7828107,42.00176419698,0.113,0.18622842150000002,0,0,0.723,CEM1-(Coal)Oxy-CaL,cement,24.896265560165975,20.569733056708156,45.46599861687413,32.871916999999996,29.04808326
6,6,No_CDR_price,2,2050,0.09882,0.35576,0,0,0,0,0,0,0,0,0,0,2.93365,0,0,0,0,0,0,0,0,0,0,0,0.05992,0,166.5830625888889,39.44831888888889,94.35000000000001,29.7847437,163.5830625888889,3.0,0.629,0.6618828916666667,0,0,0,CEM1-(NG),cement,0.0,0.0,0.0,0.0,0.0
7,7,No_CDR_price,2,2050,0.20017,0.72063,0,0,0,0,0,0,0,0,0,0,5.00925,0,0,0,0,0,0,0,0,0,0,0,0.10231,0,144.00631798962664,69.55891666666666,22.349999999999998,29.7847437,121.69366036666665,22.31265762296,0.149,0.20892002499999998,0,0,0.596,CEM1-(NG)MEA,cement,3.3557046979865772,50.5211372110365,53.87684190902308,32.110597777777755,29.04808326
8,8,No_CDR_price,2,2050,0.15928,0.57342,0,0,0,0,0,0,0,0,0,0,2.93365,0,0,0,0,0,0,0,0,0,0,0,0.05992,0,138.53263438364888,43.68051888888889,15.45,38.1228237,97.25334258888888,41.27929179476,0.103,0.14313809166666666,0,0,0.526,CEM1-(NG)CaL,cement,43.72623574144487,23.89787072243344,67.6241064638783,35.57027999999999,29.04808326
9,9,No_CDR_price,2,2050,0.27934,1.00562,0,0,0,0,0,0,0,0,0,0,4.26077,0,0,0,0,0,0,0,0,0,0,0,0.08703,0,158.8815300805311,66.80100511111111,22.95,36.49343262,126.2444377311111,32.63709234942,0.153,0.21705631833333333,0,0,0.917,CEM1-(NG)Oxy-MEA,cement,3.271537622682661,37.144356752695984,40.41589437537864,37.06137514222222,29.04808326
10,10,No_CDR_price,2,2050,0.22496,0.80986,0,0,0,0,0,0,0,0,0,0,2.95806,0,0,0,0,0,0,0,0,0,0,0,0.06042,0,147.77470050708666,48.54879866666666,17.699999999999996,38.24602198,104.49482064666665,43.279879860419996,0.118,0.16619463,0,0,0.767,CEM1-(NG)Oxy-CaL,cement,23.46805736636245,22.896685864117043,46.36474323047949,35.56175805777777,29.04808326
11,11,No_CDR_price,2,2050,0.09882,0.35576,3.34437,0,0,0,0,0,0,0,0,0,0,0,0.09471,0,0,0,0,0,0,0,0,0,0,0,149.5477077,7.712964,109.05,29.7847437,146.5477077,3.0,0.727,0.739578196,0,0,0,CEM1-(Afm),cement,0.0,0.0,0.0,0.0,0.0
12,12,No_CDR_price,2,2050,0.21786,0.78428,5.2383,0,0,0,0,0,0,0,0,0,0,0,0.14835,0,0,0,0,0,0,0,0,0,0,0,98.86474198200001,16.49634,26.25,29.7847437,72.53108370000001,26.333658282,0.175,0.20227066,0,0,0.7,CEM1-(Afm)MEA,cement,4.285714285714286,12.547679999999996,16.83339428571428,11.783375999999995,29.04808326
13,13,No_CDR_price,2,2050,0.16869,0.6073,3.34437,0,0,0,0,0,0,0,0,0,0,0,0.09471,0,0,0,0,0,0,0,0,0,0,0,116.52803232208001,12.603864000000002,17.849999999999998,39.4129337,69.8667977,46.66123462208,0.119,0.139962596,0,0,0.608,CEM1-(Afm)CaL,cement,42.76315789473684,23.880082236842114,66.64324013157895,40.51909,29.04808326
14,14,No_CDR_price,2,2050,0.20765,0.74754,4.13431,0,0,0,0,0,0,0,0,0,0,0,0.11708,0,0,0,0,0,0,0,0,0,0,0,90.80957116834,15.518972000000002,18.75,32.3979123,66.6668843,24.14268686834,0.125,0.150807808,0,0,0.659,CEM1-(Afm)Oxy-MEA,cement,3.0349013657056143,15.810586646434,18.845488012139615,12.419176600000007,29.04808326
15,15,No_CDR_price,2,2050,0.18044,0.64957,3.34437,0,0,0,0,0,0,0,0,0,0,0,0.09471,0,0,0,0,0,0,0,0,0,0,0,102.46757988446,13.426364000000001,15.299999999999997,35.70235618,64.42872018,38.038859704459995,0.102,0.12437259599999999,0,0,0.621,CEM1-(Afm)Oxy-CaL,cement,27.375201288244767,18.72948869565218,46.10468998389695,28.631012480000003,29.04808326
16,16,No_CDR_price,2,2050,0.09882,0.35576,0,0,3.7616,0,0,0,0,0,0,0,0,0,0,0,0.2916,0,0,0,0,0,0,0,0,0,138.4621437,36.077400000000004,69.6,29.7847437,135.4621437,3.0,0.464,0.4758584,0,0,0,CEM1-(BMW),cement,0.0,0.0,0.0,0.0,0.0
17,17,No_CDR_price,2,2050,0.24884,0.89583,0,0,6.06752,0,0,0,0,0,0,0,0,0,0,0,0.47035,0,0,0,0,0,0,0,0,0,125.85895313532001,64.4538,0.0,29.7847437,94.23854370000001,31.62040943532,-0.419,-0.38913919999999996,0,0,0.882,CEM1-(BMW)MEA,cement,3.401360544217687,32.17278911564625,35.57414965986394,31.376399999999997,29.04808326
18,18,No_CDR_price,2,2050,0.18155,0.65357,0,0,3.7616,0,0,0,0,0,0,0,0,0,0,0,0.2916,0,0,0,0,0,0,0,0,0,137.97910556393998,41.868500000000004,0.0,41.2250337,83.0935337,54.88557186394,-0.255,-0.233214,0,0,0.719,CEM1-(BMW)CaL,cement,43.11543810848401,23.965771905424187,67.08121001390819,48.23138999999999,29.04808326
19,19,No_CDR_price,2,2050,0.23416,0.84297,0,0,4.29082,0,0,0,0,0,0,0,0,0,0,0,0.33262,0,0,0,0,0,0,0,0,0,120.59359658308,49.6532,4.2,33.91233282,87.76553282,32.828063763079996,0.028,0.0560992,0,0,0.958,CEM1-(BMW)Oxy-MEA,cement,2.0876826722338206,18.479529352818368,20.56721202505219,19.703389119999997,29.04808326
20,20,No_CDR_price,2,2050,0.20677,0.74439,0,0,3.7616,0,0,0,0,0,0,0,0,0,0,0,0.2916,0,0,0,0,0,0,0,0,0,130.92131204378,43.633900000000004,2.8499999999999996,37.20699286,83.69089286,47.23041918378,0.019,0.0438124,0,0,0.903,CEM1-(BMW)Oxy-CaL,cement,19.93355481727575,16.587762081949048,36.5213168992248,32.97874915999999,29.04808326
21,21,No_CDR_price,2,2050,0.08029,0.28905,0,0,0,2.1318,0,0,0,0,0,0,0,0,0,0,0,0.07226,0,0,0,0,0,0,0,0,119.5601877,14.652800000000003,78.60000000000001,23.3073877,116.5601877,3.0,0.524,0.5692120110000001,0,0,0,CEM2-(Coal),cement,0.0,0.0,0.0,0.0,0.0
22,22,No_CDR_price,2,2050,0.17339,0.62419,0,0,0,4.01198,0,0,0,0,0,0,0,0,0,0,0,0.136,0,0,0,0,0,0,0,0,93.91303732648001,29.1373,20.55,23.3073877,72.9946877,20.91834962648,0.137,0.22476640000000003,0,0,0.548,CEM2-(Coal)MEA,cement,3.64963503649635,26.431569343065693,30.081204379562042,16.4845,29.04808326
23,23,No_CDR_price,2,2050,0.13068,0.47045,0,0,0,2.1318,0,0,0,0,0,0,0,0,0,0,0,0.07226,0,0,0,0,0,0,0,0,95.06771913788,18.180100000000003,12.899999999999999,30.26455867,61.34465867,33.72306046788,0.086,0.13725881099999998,0,0,0.438,CEM2-(Coal)CaL,cement,41.0958904109589,23.937148333333333,65.03303874429224,28.48447097,29.04808326
24,24,No_CDR_price,2,2050,0.19246,0.69286,0,0,0,3.09002,0,0,0,0,0,0,0,0,0,0,0,0.10475,0,0,0,0,0,0,0,0,92.09714575054001,26.56595,16.2,27.05995138,69.82590138,22.27124437054,0.108,0.1826688625,0,0,0.629,CEM2-(Coal)Oxy-MEA,cement,1.589825119236884,24.905745119236883,26.495570238473768,16.66571368,29.04808326
25,25,No_CDR_price,2,2050,0.15877,0.57156,0,0,0,2.14526,0,0,0,0,0,0,0,0,0,0,0,0.07272,0,0,0,0,0,0,0,0,91.85191111758,20.203900000000004,12.450000000000001,28.71538274,61.36928274,30.48262837758,0.083,0.137856092,0,0,0.533,CEM2-(Coal)Oxy-CaL,cement,22.5140712945591,20.561153921200745,43.07522521575984,22.959095039999998,29.04808326
26,26,No_CDR_price,2,2050,0.08029,0.28905,0,0,0,0,0,0,0,0,0,0,2.16164,0,0,0,0,0,0,0,0,0,0,0,0.04415,0,125.34787347777777,29.590485777777776,69.45,23.3073877,122.34787347777777,3.0,0.463,0.4881265533333333,0,0,0,CEM2-(NG),cement,0.0,0.0,0.0,0.0,0.0
27,27,No_CDR_price,2,2050,0.15497,0.5579,0,0,0,0,0,0,0,0,0,0,3.69103,0,0,0,0,0,0,0,0,0,0,0,0.07539,0,108.33681780669554,51.77732155555555,16.5,23.3073877,91.58470925555554,16.752108551139997,0.11,0.15504878166666666,0,0,0.439,CEM2-(NG)MEA,cement,2.277904328018223,50.53948924322956,52.817393571247784,23.186835777777777,29.04808326
28,28,No_CDR_price,2,2050,0.12484,0.44943,0,0,0,0,0,0,0,0,0,0,2.16164,0,0,0,0,0,0,0,0,0,0,0,0.04415,0,103.81503169939778,32.70898577777778,11.399999999999999,29.4644377,73.57342347777778,30.241608221619998,0.076,0.10647255333333333,0,0,0.387,CEM2-(NG)CaL,cement,41.343669250645995,23.96782945736434,65.31149870801033,25.27555,29.04808326
29,29,No_CDR_price,2,2050,0.2133,0.76789,0,0,0,0,0,0,0,0,0,0,3.13951,0,0,0,0,0,0,0,0,0,0,0,0.06412,0,119.58181389931555,49.74467755555555,16.95,28.25063206,94.94530961555554,24.63650428376,0.113,0.16109582166666667,0,0,0.676,CEM2-(NG)Oxy-MEA,cement,2.9585798816568047,37.126384819197895,40.0849647008547,27.097436137777777,29.04808326
30,30,No_CDR_price,2,2050,0.17324,0.62365,0,0,0,0,0,0,0,0,0,0,2.17962,0,0,0,0,0,0,0,0,0,0,0,0.04452,0,111.30055034189999,36.296364,13.049999999999999,29.5420193,78.88838329999999,32.4121670419,0.087,0.12340941,0,0,0.565,CEM2-(NG)Oxy-CaL,cement,23.008849557522126,22.90355720747297,45.9124067649951,25.94050982222223,29.04808326
31,31,No_CDR_price,2,2050,0.08029,0.28905,2.46427,0,0,0,0,0,0,0,0,0,0,0,0.06979,0,0,0,0,0,0,0,0,0,0,0,112.76392369999999,6.206536000000002,80.25,23.3073877,109.76392369999999,3.0,0.535,0.545165204,0,0,0,CEM2-(Afm),cement,0.0,0.0,0.0,0.0,0.0
32,32,No_CDR_price,2,2050,0.168,0.6048,3.8598,0,0,0,0,0,0,0,0,0,0,0,0.10931,0,0,0,0,0,0,0,0,0,0,0,75.32440266216,12.678204000000001,19.349999999999998,23.3073877,55.3355917,19.988810962160002,0.129,0.149990756,0,0,0.516,CEM2-(Afm)MEA,cement,3.875968992248062,12.541992248062014,16.417961240310078,8.471668000000001,29.04808326
33,33,No_CDR_price,2,2050,0.13178,0.4744,2.46427,0,0,0,0,0,0,0,0,0,0,0,0.06979,0,0,0,0,0,0,0,0,0,0,0,88.43942500048,9.810836,13.199999999999998,30.4150477,53.4258837,35.01354130048,0.088,0.10434400399999999,0,0,0.448,CEM2-(Afm)CaL,cement,42.410714285714285,23.91062499999999,66.32133928571427,29.711959999999994,29.04808326
34,34,No_CDR_price,2,2050,0.16048,0.57773,3.04633,0,0,0,0,0,0,0,0,0,0,0,0.08627,0,0,0,0,0,0,0,0,0,0,0,69.07946884110001,11.958268,13.799999999999999,25.23288046,50.991148460000005,18.088320381099997,0.092,0.11191325199999999,0,0,0.485,CEM2-(Afm)Oxy-MEA,cement,2.061855670103093,15.829329402061855,17.891185072164948,8.67722476,29.04808326
35,35,No_CDR_price,2,2050,0.14043,0.50554,2.46427,0,0,0,0,0,0,0,0,0,0,0,0.06979,0,0,0,0,0,0,0,0,0,0,0,77.60904874982,10.416336000000001,11.25,27.6677387,49.3340747,28.27497404982,0.075,0.09238200399999999,0,0,0.457,CEM2-(Afm)Oxy-CaL,cement,26.258205689277897,18.753065645514223,45.01127133479212,20.570151,29.04808326
36,36,No_CDR_price,2,2050,0.08029,0.28905,0,0,2.77171,0,0,0,0,0,0,0,0,0,0,0,0.21486,0,0,0,0,0,0,0,0,0,104.71368770000001,27.1063,51.300000000000004,23.3073877,101.71368770000001,3.0,0.342,0.3516348,0,0,0,CEM2-(BMW),cement,0.0,0.0,0.0,0.0,0.0
37,37,No_CDR_price,2,2050,0.19083,0.687,0,0,4.47081,0,0,0,0,0,0,0,0,0,0,0,0.34657,0,0,0,0,0,0,0,0,0,95.203741819,48.0151,0.0,23.3073877,71.3224877,23.881254119,-0.308,-0.2851004,0,0,0.65,CEM2-(BMW)MEA,cement,3.0769230769230766,32.167384615384606,35.244307692307686,22.908799999999996,29.04808326
38,38,No_CDR_price,2,2050,0.14125,0.50849,0,0,2.77171,0,0,0,0,0,0,0,0,0,0,0,0.21486,0,0,0,0,0,0,0,0,0,103.5324818278,31.3735,0.0,31.7634977,63.136997699999995,40.3954841278,-0.188,-0.17105,0,0,0.53,CEM2-(BMW)CaL,cement,41.50943396226415,24.006245283018856,65.515679245283,34.72330999999999,29.04808326
39,39,No_CDR_price,2,2050,0.18001,0.64805,0,0,3.16165,0,0,0,0,0,0,0,0,0,0,0,0.24509,0,0,0,0,0,0,0,0,0,90.96641540156,37.109700000000004,3.0,26.34876862,66.45846862,24.507946781559998,0.02,0.041601200000000005,0,0,0.706,CEM2-(BMW)Oxy-MEA,cement,1.41643059490085,18.477026798866863,19.89345739376771,14.044780920000003,29.04808326
40,40,No_CDR_price,2,2050,0.15984,0.57541,0,0,2.77171,0,0,0,0,0,0,0,0,0,0,0,0.21486,0,0,0,0,0,0,0,0,0,98.8681928679,32.674800000000005,2.1,28.7764175,63.55121750000001,35.3169753679,0.014,0.0331808,0,0,0.665,CEM2-(BMW)Oxy-CaL,cement,19.548872180451127,16.597789172932337,36.146661353383465,24.037529800000005,29.04808326
41,41,No_CDR_price,2,2050,0.08265,0.29753,0,0,0,1.81319,0,0,0,0,0,0,0,0,0,0,0,0.06146,0,0,0,0,0,0,0,0,100.9908002,13.468,59.85,24.6728002,97.9908002,3.0,0.399,0.439177831,0,0,0,LC3-(Coal),cement,0.0,0.0,0.0,0.0,0.0
42,42,No_CDR_price,2,2050,0.15355,0.55279,0,0,0,3.24523,0,0,0,0,0,0,0,0,0,0,0,0.11001,0,0,0,0,0,0,0,0,80.88560091942,24.49975,15.6,24.6728002,64.7725502,16.11305071942,0.104,0.1765894235,0,0,0.417,LC3-(Coal)MEA,cement,2.3980815347721824,26.45503597122303,28.85311750599521,12.031750000000002,29.04808326
43,43,No_CDR_price,2,2050,0.12103,0.43569,0,0,0,1.81319,0,0,0,0,0,0,0,0,0,0,0,0.06146,0,0,0,0,0,0,0,0,82.59035000884,16.154600000000002,9.75,29.9836902,55.8882902,26.702059808839998,0.065,0.109783431,0,0,0.334,LC3-(Coal)CaL,cement,41.91616766467066,23.94458083832335,65.86074850299401,21.997490000000003,29.04808326
44,44,No_CDR_price,2,2050,0.16898,0.60834,0,0,0,2.49947,0,0,0,0,0,0,0,0,0,0,0,0.08473,0,0,0,0,0,0,0,0,80.30826997458,22.41985,12.149999999999999,27.70819576,62.27804576,18.03022421458,0.081,0.1429944155,0,0,0.483,LC3-(Coal)Oxy-MEA,cement,2.070393374741201,24.81831378881987,26.888707163561072,12.987245559999998,29.04808326
45,45,No_CDR_price,2,2050,0.14492,0.52169,0,0,0,1.82465,0,0,0,0,0,0,0,0,0,0,0,0.06185,0,0,0,0,0,0,0,0,80.24219322964001,17.87565,9.45,28.89063676,56.21628676,24.02590646964,0.063,0.11084224749999999,0,0,0.414,LC3-(Coal)Oxy-CaL,cement,21.73913043478261,20.834508599033814,42.57363903381642,17.625486559999995,29.04808326
46,46,No_CDR_price,2,2050,0.08265,0.29753,0,0,0,0,0,0,0,0,0,0,1.83858,0,0,0,0,0,0,0,0,0,0,0,0.03755,0,105.89610953333333,26.173309333333336,52.04999999999999,24.6728002,102.89610953333333,3.0,0.347,0.37009449,0,0,0,LC3-(NG),cement,0.0,0.0,0.0,0.0,0.0
47,47,No_CDR_price,2,2050,0.13866,0.49917,0,0,0,0,0,0,0,0,0,0,2.98562,0,0,0,0,0,0,0,0,0,0,0,0.06098,0,93.34302803698444,42.81340844444444,12.3,24.6728002,79.78620864444444,13.55681939254,0.082,0.12003614333333333,0,0,0.329,LC3-(NG)MEA,cement,3.03951367781155,50.57780884836204,53.61732252617359,17.640099111111113,29.04808326
48,48,No_CDR_price,2,2050,0.11606,0.41782,0,0,0,0,0,0,0,0,0,0,1.83858,0,0,0,0,0,0,0,0,0,0,0,0.03755,0,89.81815176199333,28.51200933333333,8.55,29.3031502,66.36515953333334,23.45299222866,0.057,0.08410369000000001,0,0,0.291,LC3-(NG)CaL,cement,41.23711340206186,23.948625429553253,65.18573883161511,18.969049999999996,29.04808326
49,49,No_CDR_price,2,2050,0.18584,0.66903,0,0,0,0,0,0,0,0,0,0,2.53951,0,0,0,0,0,0,0,0,0,0,0,0.05187,0,101.72451616068223,41.16914422222222,12.750000000000002,28.67132056,82.59046478222223,19.13405137846,0.085,0.12550062166666667,0,0,0.521,LC3-(NG)Oxy-MEA,cement,1.9193857965451055,36.45749567924931,38.37688147579442,19.994355248888894,29.04808326
50,50,No_CDR_price,2,2050,0.15722,0.566,0,0,0,0,0,0,0,0,0,0,1.85387,0,0,0,0,0,0,0,0,0,0,0,0.03787,0,95.89574012536444,31.56275844444444,9.9,29.59372888,71.05648732444445,24.83925280092,0.066,0.09815246833333333,0,0,0.442,LC3-(NG)Oxy-CaL,cement,20.361990950226243,23.326646586224225,43.68863753645047,19.310377791111108,29.04808326
51,51,No_CDR_price,2,2050,0.08265,0.29753,2.13048,0,0,0,0,0,0,0,0,0,0,0,0.06033,0,0,0,0,0,0,0,0,0,0,0,95.6150722,6.2922720000000005,61.65,24.6728002,92.6150722,3.0,0.411,0.421376508,0,0,0,LC3-(Afm),cement,0.0,0.0,0.0,0.0,0.0
52,52,No_CDR_price,2,2050,0.1492,0.53711,3.12214,0,0,0,0,0,0,0,0,0,0,0,0.08842,0,0,0,0,0,0,0,0,0,0,0,65.91732875466,11.186728,14.7,24.6728002,50.5595282,15.35780055466,0.098,0.116575992,0,0,0.391,LC3-(Afm)MEA,cement,2.557544757033248,12.517790281329917,15.075335038363166,5.894455999999998,29.04808326
53,53,No_CDR_price,2,2050,0.12222,0.43999,2.13048,0,0,0,0,0,0,0,0,0,0,0,0.06033,0,0,0,0,0,0,0,0,0,0,0,76.25210284144,9.062172,10.05,30.1473902,49.259562200000005,26.992540641439998,0.067,0.082124908,0,0,0.344,LC3-(Afm)CaL,cement,40.697674418604656,23.966540697674418,64.66421511627908,22.244490000000003,29.04808326
54,54,No_CDR_price,2,2050,0.14311,0.51521,2.46413,0,0,0,0,0,0,0,0,0,0,0,0.06978,0,0,0,0,0,0,0,0,0,0,0,61.694804076420006,10.603852000000002,10.200000000000001,26.23030552,47.03415752000001,14.66064655642,0.068,0.085703528,0,0,0.367,LC3-(Afm)Oxy-MEA,cement,2.7247956403269757,15.992058092643061,18.716853732970037,6.8690853200000035,29.04808326
55,55,No_CDR_price,2,2050,0.1297,0.46692,2.13048,0,0,0,0,0,0,0,0,0,0,0,0.06033,0,0,0,0,0,0,0,0,0,0,0,68.23206762752,9.585772000000002,8.4,28.02137032,46.00714232,22.22492530752,0.056,0.072022508,0,0,0.352,LC3-(Afm)Oxy-CaL,cement,25.56818181818182,18.869517386363636,44.43769920454545,15.642070119999998,29.04808326
56,56,No_CDR_price,2,2050,0.08265,0.29753,0,0,2.39627,0,0,0,0,0,0,0,0,0,0,0,0.18576,0,0,0,0,0,0,0,0,0,88.6343002,24.3615,36.6,24.6728002,85.6343002,3.0,0.244,0.253918,0,0,0,LC3-(BMW),cement,0.0,0.0,0.0,0.0,0.0
57,57,No_CDR_price,2,2050,0.16766,0.60359,0,0,3.61637,0,0,0,0,0,0,0,0,0,0,0,0.28034,0,0,0,0,0,0,0,0,0,83.96704183,39.7702,0.0,24.6728002,64.4430002,19.52404163,-0.256,-0.2358808,0,0,0.5,LC3-(BMW)MEA,cement,4.0,30.817400000000006,34.817400000000006,17.408700000000003,29.04808326
58,58,No_CDR_price,2,2050,0.13041,0.46947,0,0,2.39627,0,0,0,0,0,0,0,0,0,0,0,0.18576,0,0,0,0,0,0,0,0,0,92.07964475290001,27.704700000000003,0.0,31.3199902,59.0246902,33.0549545529,-0.171,-0.1553508,0,0,0.415,LC3-(BMW)CaL,cement,43.373493975903614,24.073228915662646,67.44672289156625,27.990389999999994,29.04808326
59,59,No_CDR_price,2,2050,0.15891,0.57209,0,0,2.55742,0,0,0,0,0,0,0,0,0,0,0,0.19825,0,0,0,0,0,0,0,0,0,79.4128354167,30.9487,1.5,27.13293004,59.58163004000001,19.831205376699998,0.01,0.029069199999999996,0,0,0.545,LC3-(BMW)Oxy-MEA,cement,1.8348623853211008,16.600605211009167,18.43546759633027,10.047329839999998,29.04808326
60,60,No_CDR_price,2,2050,0.14648,0.52732,0,0,2.39627,0,0,0,0,0,0,0,0,0,0,0,0.18576,0,0,0,0,0,0,0,0,0,85.86305481432001,28.829600000000003,0.6,28.97987452,58.40947452,27.45358029432,0.004,0.0215776,0,0,0.532,LC3-(BMW)Oxy-CaL,cement,16.917293233082706,16.494688571428565,33.41198180451127,17.775174319999998,29.04808326
61,64,No_CDR_price,6,2050,0.13675,0.4923,0,0,0,0,0,0,0.00597,0,0,0,0.29048,0,0,0,0,0,0,0,5.0e-5,0,0,0,0.00593,0,1002.5897806012747,13.191780601274683,2.4,949.998,965.5897806012747,37.0,0.016,0.034491773333333337,0,0,0,(NG)PE,chemical-PE,0.0,0.0,0.0,0.0,0.0
62,65,No_CDR_price,6,2050,0.13937,0.50172,0,0,0,0,0,0,0.00597,0,0,0,0.30438,0,0,0,0,0,0,0,5.0e-5,0,0,0,0.00622,0,1000.8611762019754,13.529316156830236,0.3,949.998,963.8273161568303,37.033860045145,0.002,0.02090579,0,0,0.015,(NG)PE-MEA,chemical-PE,0.0,22.502370370367213,22.502370370367213,0.3375355555555082,2.257336343
63,66,No_CDR_price,6,2050,0.13675,0.4923,0,0,0,0,0,0,0.31332,0,0,0,0,0,0,0,0,0,0,0,0.00261,0,0,0,0,0,1017.3555041865384,30.35750418653835,0.0,949.998,980.3555041865384,37.0,0,0.01641,0,0,0,(H2)PE,chemical-PE,0.0,0.0,0.0,0.0,0.0
64,67,No_CDR_price,6,2050,0.26743,0.96275,0,0,0,0,0,0,0,0,0,0,0,0,0,0,0,0,0,0,0,0,0,0,0,0,1006.7181,18.720100000000002,0.0,949.998,968.7181,38.0,0,0.0320916,0,0,0,(H2)PE-AEL,chemical-PE,0.0,0.0,0.0,0.0,0.0
65,68,No_CDR_price,6,2050,0.20795,0.74863,0,0,0,0,0,0,0.00597,0,0,0,0,0,0,0,0,0,0,0,5.0e-5,0,0,0,0,0,1001.9526801568303,14.954680156830237,0.0,949.998,964.9526801568303,37.0,0,0.024953999999999997,0,0,0,(EL)PE,chemical-PE,0.0,0.0,0.0,0.0,0.0
66,73,No_CDR_price,6,2050,0.36,1.296,0,0,0,0,0,0,0,0,0,0,8.16321,0,0,0,0,0,0,0,0,0,0,0,0.16673,0,1292.1100786666666,115.72092866666667,68.85,995.53915,1180.1100786666666,112.0,0.459,0.560703005,0,0,0,(NG)PEA,chemical-PEA,0.0,0.0,0.0,0.0,0.0
67,74,No_CDR_price,6,2050,0.43528,1.56701,0,0,0,0,0,0,0,0,0,0,8.75984,0,0,0,0,0,0,0,0,0,0,0,0.17892,0,1250.9949502544825,127.60649244444446,7.35,995.53915,1130.4956424444445,120.499307810038,0.049,0.16401245333333336,0,0,0.443,(NG)PEA-MEA,chemical-PEA,18.058690744920995,26.829715073990304,44.888405818911295,19.885563777777705,1.127105666
68,75,No_CDR_price,6,2050,0.36,1.296,0,0,0,0,0,0,8.63968,0,0,0,0,0,0,0,0,0,0,0,0.07207,0,0,0,0,0,1709.676028055103,599.1368780551029,0.0,995.53915,1594.676028055103,115.0,0,0.043199999999999995,0,0,0,(H2)PEA,chemical-PEA,0.0,0.0,0.0,0.0,0.0
69,76,No_CDR_price,6,2050,3.96347,14.26849,0,0,0,0,0,0,0,0,0,0,0,0,0,0,0,0,0,0,0,0,0,0,0,0,1409.98205,277.44290000000007,0.0,995.53915,1272.98205,137.0,0,0.4756164,0,0,0,(H2)PEA-AEL,chemical-PEA,0.0,0.0,0.0,0.0,0.0
70,77,No_CDR_price,6,2050,2.37195,8.53901,0,0,0,0,0,0,0,0,0,0,0,0,0,0,0,0,0,0,0,0,0,0,0,0,1272.57565,166.0365,0.0,995.53915,1161.57565,111.0,0,0.284634,0,0,0,(EL)PEA,chemical-PEA,0.0,0.0,0.0,0.0,0.0
71,82,No_CDR_price,6,2050,0.29492,1.06171,0,0,0,0,0,0,0,0,0,60.52478,0,0,0,0,0,0,0,0,0,0,0,1.34823,0,0,746.908569,546.8585690000001,145.04999999999998,0,691.908569,55.0,0.967,1.3156651228,0,0,0,(LN)O,chemical-olefins,0.0,0.0,0.0,0.0,0.0
72,83,No_CDR_price,6,2050,0.74416,2.67898,0,0,0,0,0,0,0,0,0,60.52478,2.61106,0,0,0,0,0,0,0,0,0,0,1.34823,0.05333,0,730.4031431035622,607.2591232222222,16.65,0,623.9091232222222,106.49401988134,0.111,0.5322865194666667,0,0,1.002,(LN)O-MEA,chemical-olefins,32.93413173652694,60.279994233754614,93.21412597028156,93.40055422222213,18.45710567
73,84,No_CDR_price,6,2050,10.41687,37.50071,0,0,0,0,0,0,0,0,0,60.52478,0,0,0,0,0,0,0,0,0,0,0,1.34823,0,0,1310.3950690000001,1255.3950690000001,0.0,0,1255.3950690000001,55.0,0,1.5632991227999997,0,0,0,(LN+EL)O,chemical-olefins,0.0,0.0,0.0,0.0,0.0
74,85,No_CDR_price,6,2050,0.18397,0.66231,0,0,0,0,0,0,0,49.00961,0,0,0,0,0,0,0,0,0,0,0,2.4628,0,0,0,0,1061.6759,1022.6259,22.049999999999997,0,1044.6759,17.0,0.147,1.796543896,0,0,0,(MeOH)O,chemical-olefins,0.0,0.0,0.0,0.0,0.0
75,86,No_CDR_price,6,2050,0.20643,0.74315,0,0,0,0,0,0,0,49.00961,0,0,0,0,0,0,0,0,0,0,0,2.4628,0,0,0,0,1045.88443794844,1024.1981,2.25,0,1026.4481,19.43633794844,0.015,1.6672390959999999,0,0,0.132,(MeOH)O-MEA,chemical-olefins,0.0,11.910606060606561,11.910606060606561,1.5722000000000662,18.45710567
76,87,No_CDR_price,6,2050,1.56218,5.62384,0,96.07932,0,0,0,0,0,0,0,0,0,0,0,5.55372,0,0,0,0,0,0,0,0,0,0,910.7246000000001,664.7246000000001,0.0,0,664.7246000000001,246.0,0,0.18746159999999998,0,0,0,((BM)MeOH)O,chemical-olefins,0.0,0.0,0.0,0.0,0.0
77,88,No_CDR_price,6,2050,1.65531,5.95911,0,96.07932,0,0,0,0,0,0,0,0,0,0,0,5.55372,0,0,0,0,0,0,0,0,0,0,945.4863879689201,671.2437000000001,0.0,0,671.2437000000001,274.24268796892,-1.476,-1.2773628,0,0,1.476,((BM)MeOH)O-MEA,chemical-olefins,0.6775067750677507,4.41673441734416,5.094241192411911,7.51909999999998,18.45710567
78,89,No_CDR_price,6,2050,1.53095,5.51143,0,93.01873,0,0,0,0,17.93116,0,0,0,0,0,0,5.37681,0,0,0,0,0.14958,0,0,0,0,0,1953.0432571733354,1836.0432571733354,0.0,0,1836.0432571733354,117.0,0,0.183714,0,0,0,((BM+H2)MeOH)O,chemical-olefins,0.0,0.0,0.0,0.0,0.0
79,90,No_CDR_price,6,2050,9.00976,32.4351,0,93.01873,0,0,0,0,0,0,0,0,0,0,0,5.37681,0,0,0,0,0,0,0,0,0,0,1331.3642,1168.3642,0.0,0,1168.3642,163.0,0,1.0811712,0,0,0,((BM+H2)MeOH)O-AEL,chemical-olefins,0.0,0.0,0.0,0.0,0.0
80,91,No_CDR_price,6,2050,1.62398,5.84631,0,93.01873,0,0,0,0,17.93116,0,0,0,0,0,0,5.37681,0,0,0,0,0.14958,0,0,0,0,0,1989.0715854334853,1842.5553571733353,0.0,0,1842.5553571733353,146.51622826015,-1.545,-1.3501224,0,0,1.545,((BM+H2)MeOH)O-MEA,chemical-olefins,0.6472491909385114,4.214951456310627,4.862200647249138,7.5120999999999185,18.45710567
81,92,No_CDR_price,6,2050,9.10278,32.76997,0,93.01873,0,0,0,0,0,0,0,0,0,0,0,5.37681,0,0,0,0,0,0,0,0,0,0,1338.8756,1174.8756,0.0,0,1174.8756,164.0,-1.545,-0.4526664,0,0,1.545,((BM+H2)MeOH)O-MEA-AEL,chemical-olefins,0.0,0.0,0.0,0.0,0.0
82,93,No_CDR_price,6,2050,18.98278,68.33796,0,0,0,0,0,0,0,0,0,0,0,0,0,0,0,0,0,0,0,0,0,0,0,0,2422.3349216,1328.7946000000002,87.89999999999999,125.6403216,1542.3349216000001,880.0,0.586,2.8639336,0,0,0,((COEL)MeOH)O,chemical-olefins,0.0,0.0,0.0,0.0,0.0
83,94,No_CDR_price,6,2050,19.07252,68.661,0,0,0,0,0,0,0,0,0,0,0,0,0,0,0,0,0,0,0,0,0,0,0,0,2360.3120733937603,1335.0764000000001,8.849999999999998,125.6403216,1469.5667216000002,890.74535179376,0.059,2.3477024,0,0,0.528,((COEL)MeOH)O-MEA,chemical-olefins,1.8939393939393938,11.89734848484887,13.791287878788264,7.281800000000204,18.45710567
84,99,No_CDR_price,5,2050,0.57689,2.07681,0,0,0,0,0,0,0,0,0,0,28.32914,0,0,0,0,0,0,0,0,0,0,0,0.57862,0,742.8209857777777,354.52098577777775,261.29999999999995,0,615.8209857777777,127.0,1.742,2.0142523033333335,0,0,0,(NG)NH3,fertiliser-ammonia,0.0,0.0,0.0,0.0,0.0
85,100,No_CDR_price,5,2050,0.59886,2.1559,0,0,0,0,0,0,0,0,0,0,29.68896,0,0,0,0,0,0,0,0,0,0,0,0.60639,0,849.2715447945867,371.1377786666667,219.0,0,590.1377786666667,259.13376612792,1.46,1.74463408,0,0,0.359,(NG)NH3-MEA,fertiliser-ammonia,356.54596100278553,46.286331166821554,402.83229216960706,144.61679288888894,11.51466888
86,101,No_CDR_price,5,2050,0.57689,2.07681,0,0,0,0,0,0,0,0,0,0,28.32914,0,0,0,0,0,0,0,0,0,0,0,0.57862,0,546.1718155873778,354.52098577777775,48.300000000000004,0,402.82098577777776,143.3508298096,0.322,0.5942523033333333,0,0,1.42,(NG)NH3-DEA,fertiliser-ammonia,0.0,0.0,0.0,0.0,11.51466888
87,102,No_CDR_price,5,2050,0.59886,2.1559,0,0,0,0,0,0,0,0,0,0,29.68896,0,0,0,0,0,0,0,0,0,0,0,0.60639,0,652.6223746041867,371.1377786666667,6.0,0,377.1377786666667,275.48459593752,0.04,0.32463408,0,0,1.779,(NG)NH3-MEA-DEA,fertiliser-ammonia,71.95053400786959,9.340524389482258,81.29105839735185,144.61679288888894,11.51466888
88,103,No_CDR_price,5,2050,0.5939,2.13804,0,0,0,0,0,0,0,0,0,0,26.19013,0,0,0,0,0,0,0,0,0,0,0,0.53493,0,679.2924415555556,331.9924415555555,243.3,0,575.2924415555556,104.0,1.622,1.8809639316666669,0,0,0,(NG)NH3-MVR,fertiliser-ammonia,0.0,0.0,0.0,0.0,0.0
89,104,No_CDR_price,5,2050,0.71804,2.58494,0,0,0,0,0,0,0,0,0,0,26.19013,0,0,0,0,0,0,0,0,0,0,0,0.53493,0,720.7779112917154,340.68224155555555,216.0,0,556.6822415555555,164.09566973616,1.44,1.7138607316666667,0,0,0.182,(NG)NH3-MVR-MEA,fertiliser-ammonia,318.6813186813187,47.74615384615411,366.42747252747284,66.68980000000006,11.51466888
90,105,No_CDR_price,5,2050,0.5939,2.13804,0,0,0,0,0,0,0,0,0,0,26.19013,0,0,0,0,0,0,0,0,0,0,0,0.53493,0,482.6432713651555,331.9924415555555,30.3,0,362.2924415555555,120.3508298096,0.202,0.46096393166666666,0,0,1.42,(NG)NH3-MVR-DEA,fertiliser-ammonia,0.0,0.0,0.0,0.0,11.51466888
91,106,No_CDR_price,5,2050,0.71804,2.58494,0,0,0,0,0,0,0,0,0,0,26.19013,0,0,0,0,0,0,0,0,0,0,0,0.53493,0,524.1287411013155,340.68224155555555,3.0,0,343.68224155555555,180.44649954576,0.02,0.2938607316666667,0,0,1.602,(NG)NH3-MVR-MEA-DEA,fertiliser-ammonia,36.20474406991261,5.424344569288419,41.62908863920103,66.68980000000005,11.51466888
92,107,No_CDR_price,5,2050,1.23943,4.46196,0,40.52165,0,0,0,0,0,0,0,0,0,0,0,2.34229,0,0,0,0,0,0,0,0,0,0,490.9891,320.9891,0.0,0,320.9891,170.0,0,0.1487316,0,0,0,(BM)NH3,fertiliser-ammonia,0.0,0.0,0.0,0.0,0.0
93,108,No_CDR_price,5,2050,1.23943,4.46196,0,40.52165,0,0,0,0,0,0,0,0,0,0,0,2.34229,0,0,0,0,0,0,0,0,0,0,520.43210832616,320.9891,0.0,0,320.9891,199.44300832616,-2.557,-2.4082684,0,0,2.557,(BM)NH3-DEA,fertiliser-ammonia,0.0,0.0,0.0,0.0,11.51466888
94,109,No_CDR_price,5,2050,0.9451,3.40237,0,0,0,0,0,0,23.06373,0,0,0,0,0,0,0,0,0,0,0,0.19239,0,0,0,0,0,2175.274607451384,1598.2746074513839,0.0,0,1598.2746074513839,577.0,0,0.113412,0,0,0,(H2)NH3,fertiliser-ammonia,0.0,0.0,0.0,0.0,0.0
95,110,No_CDR_price,5,2050,10.56462,38.03259,0,0,0,0,0,0,0,0,0,0,0,0,0,0,0,0,0,0,0,0,0,0,0,0,1443.6611952,739.5234,0.0,0.1377952,739.6611952000001,704.0,0,1.2677543999999998,0,0,0,(H2)NH3-AEL,fertiliser-ammonia,0.0,0.0,0.0,0.0,0.0
96,115,No_CDR_price,5,2050,0,0,0,0,0,0,0,0,0,0,0,0,6.50362,0,0,0,0,0,0,0,0,0,0,0,0.13284,0,163.48106467555553,72.11791955555555,61.349999999999994,0.01314512,133.48106467555553,30.0,0.409,0.4556092766666666,0,0,0,(NG)HNO3,fertiliser-nitric-acid,0.0,0.0,0.0,0.0,0.0
97,116,No_CDR_price,5,2050,0,0,0,0,0,0,0,0,0,0,0,0,6.50362,0,0,0,0,0,0,0,0,0,0,0,0.13284,0,106.84056424747556,72.11791955555555,0.0,0.01314512,72.13106467555555,34.70949957192,0,0.046609276666666664,0,0,0.409,(NG)HNO3-DEA,fertiliser-nitric-acid,0.0,0.0,0.0,0.0,11.51466888
98,117,No_CDR_price,5,2050,0,0,0,11.66354,0,0,0,0,0,0,0,0,0,0,0,0.67419,0,0,0,0,0,0,0,0,0,0,97.43214512,67.419,0.0,0.01314512,67.43214512,30.0,0,0.0,0,0,0,(BM)HNO3,fertiliser-nitric-acid,0.0,0.0,0.0,0.0,0.0
99,118,No_CDR_price,5,2050,0,0,0,11.66354,0,0,0,0,0,0,0,0,0,0,0,0.67419,0,0,0,0,0,0,0,0,0,0,105.90694141568,67.419,0.0,0.01314512,67.43214512,38.47479629568,-0.736,-0.736,0,0,0.736,(BM)HNO3-DEA,fertiliser-nitric-acid,0.0,0.0,0.0,0.0,11.51466888
100,119,No_CDR_price,5,2050,0,0,0,0,0,0,0,0,6.63854,0,0,0,0,0,0,0,0,0,0,0,0.05538,0,0,0,0,0,471.03748682516994,441.02434170516995,0.0,0.01314512,441.03748682516994,30.0,0,0.0,0,0,0,(H2)HNO3,fertiliser-nitric-acid,0.0,0.0,0.0,0.0,0.0
101,120,No_CDR_price,5,2050,2.57466,9.26876,0,0,0,0,0,0,0,0,0,0,0,0,0,0,0,0,0,0,0,0,0,0,0,0,247.27900736000004,180.22620000000003,0.0,0.05280736,180.27900736000004,67.0,0,0.3089592,0,0,0,(H2)HNO3-AEL,fertiliser-nitric-acid,0.0,0.0,0.0,0.0,0.0
102,121,No_CDR_price,5,2050,0,0,0,0,0,0,0,0,0,0,5.44007,0,0,0,0,0,0,0,0,0,0,0,0.28783,0,0,0,260.27714512,230.26399999999998,0.0,0.01314512,230.27714511999997,30.0,0,0.5785382999999998,0,0,0,(NH3)HNO3,fertiliser-nitric-acid,0.0,0.0,0.0,0.0,0.0
103,126,No_CDR_price,5,2050,0.22869,0.8233,0,0,0,0,0,0,0,0,0,0,14.88327,0,0,0,0,0,0,0,0,0,0,0,0.30399,0,241.94722733333333,181.04722733333332,27.9,0,208.94722733333333,33.0,0.186,0.320106235,0,0,0,(NG)Urea,fertiliser-urea,0.0,0.0,0.0,0.0,0.0
104,127,No_CDR_price,5,2050,0.24884,0.89581,0,0,0,0,0,0,0,0,0,0,14.86206,0,0,0,0,0,0,0,0,0,0,0,0.30356,0,261.70854289464,182.222532,12.3,0,194.522532,67.18601089464,0.082,0.21837223,0,0,0.103,(NG)Urea-MEA,fertiliser-urea,320.3883495145631,11.410724919093944,331.79907443365704,34.175304666666676,11.51466888
105,128,No_CDR_price,5,2050,0.22869,0.8233,0,0,0,0,0,0,0,0,0,0,14.88327,0,0,0,0,0,0,0,0,0,0,0,0.30399,0,232.25325415493333,181.04722733333332,17.4,0,198.44722733333333,33.8060268216,0.116,0.250106235,0,0,0.07,(NG)Urea-DEA,fertiliser-urea,0.0,0.0,0.0,0.0,11.51466888
106,129,No_CDR_price,5,2050,0.24884,0.89581,0,0,0,0,0,0,0,0,0,0,14.86206,0,0,0,0,0,0,0,0,0,0,0,0.30356,0,251.86456971624,182.222532,1.6499999999999997,0,183.872532,67.99203771624,0.011,0.14737223000000002,0,0,0.173,(NG)Urea-MEA-DEA,fertiliser-urea,190.75144508670522,6.793668593448996,197.5451136801542,34.175304666666676,11.51466888
107,130,No_CDR_price,5,2050,0.48229,1.73625,0,22.99473,0,0,0,0,0,0,0,0,0,0,0,1.32918,0,0,0,0,0,0,0,0,0,0,195.9229408,166.6783,0.0,18.2446408,184.9229408,11.0,0,0.0578748,0,0,0,(BM)Urea,fertiliser-urea,0.0,0.0,0.0,0.0,0.0
108,131,No_CDR_price,5,2050,0.48229,1.73625,0,22.99473,0,0,0,0,0,0,0,0,0,0,0,1.32918,0,0,0,0,0,0,0,0,0,0,212.63072534488,166.6783,0.0,18.2446408,184.9229408,27.707784544880003,-1.451,-1.3931252,0,0,1.451,(BM)Urea-DEA,fertiliser-urea,0.0,-1.95876701794652e-14,-1.95876701794652e-14,-2.842170943040401e-14,11.51466888
109,132,No_CDR_price,5,2050,0.55494,1.99778,0,0,0,0,0,0,13.08792,0,0,0,0,0,0,0,0,0,0,0,0.10918,0,0,0,0,0,937.5566312545044,908.3119904545044,0.0,18.2446408,926.5566312545044,11.0,0,0.0665928,0,0,0,(H2)Urea,fertiliser-urea,0.0,0.0,0.0,0.0,0.0
110,133,No_CDR_price,5,2050,6.01371,21.64932,0,0,0,0,0,0,0,0,0,0,0,0,0,0,0,0,0,0,0,0,0,0,0,0,522.2825351199999,420.9597,0.0,18.32283512,439.28253512,83.0,0,0.7216452,0,0,0,(H2)Urea-AEL,fertiliser-urea,0.0,0.0,0.0,0.0,0.0
111,134,No_CDR_price,5,2050,0.01863,0.06705,0,0,0,0,0,0,0,0,10.72513,0,0,0,0,0,0,0,0,0,0,0,0.56747,0,0,0,484.5247408,455.2801,0.0,18.2446408,473.5247408,11.0,0,1.1428502999999999,0,0,0,(NH3)Urea,fertiliser-urea,0.0,0.0,0.0,0.0,0.0
112,139,No_CDR_price,3,2050,0.2976,1.07136,0,0,0,0,0,0,0.044,0,0,0,4.72991,0,0,0,0,0,0,0,0.00037,0,0,0,0.09661,0,285.1648362049882,76.2279796049882,50.7,105.2368566,232.1648362049882,53.0,0.338,0.40760968833333333,0,0,0,(NG),glass-container,0.0,0.0,0.0,0.0,0.0
113,140,No_CDR_price,3,2050,0.31417,1.131,0,0,0,0,0,0,0.044,0,0,0,4.72991,0,0,0,0,0,0,0,0.00037,0,0,0,0.09661,0,252.7577362049882,77.3878796049882,1.6499999999999997,105.2368566,184.2747362049882,68.483,0.011,0.08259808833333333,0,0,0.097,(NG)-CC,glass-container,20.618556701030926,11.957731958762963,32.57628865979389,3.1599000000000075,139.0
114,141,No_CDR_price,3,2050,0.2976,1.07136,0,0,0,0,0,0,5.03836,0,0,0,0,0,0,0,0,0,0,0,0.04203,0,0,0,0,0,526.7290964314968,355.5422398314968,10.95,105.2368566,471.72909643149677,55.0,0.073,0.10871199999999999,0,0,0,(H2),glass-container,0.0,0.0,0.0,0.0,0.0
115,142,No_CDR_price,3,2050,0.30116,1.08417,0,0,0,0,0,0,5.03836,0,0,0,0,0,0,0,0,0,0,0,0.04203,0,0,0,0,0,519.2472964314968,355.7914398314968,0.3,105.2368566,461.3282964314968,57.919,0.002,0.0381392,0,0,0.021,(H2)-CC,glass-container,0.0,11.866666666668108,11.866666666668108,0.2492000000000303,139.0
116,143,No_CDR_price,3,2050,2.39902,8.63647,0,0,0,0,0,0,0,0,0,0,0,0,0,0,0,0,0,0,0,0,0,0,0,0,352.1485179,167.93140000000002,10.95,105.2671179,284.1485179,68.0,0.073,0.3608824,0,0,0,(H2)-AEL,glass-container,0.0,0.0,0.0,0.0,0.0
117,144,No_CDR_price,3,2050,2.40258,8.64928,0,0,0,0,0,0,0,0,0,0,0,0,0,0,0,0,0,0,0,0,0,0,0,0,344.66671790000004,168.18060000000003,0.3,105.2671179,273.74771790000005,70.919,0.002,0.2903096,0,0,0.021,(H2)-AEL-CC,glass-container,0.0,11.866666666666754,11.866666666666754,0.24920000000000186,139.0
118,145,No_CDR_price,3,2050,1.41297,5.08667,0,0,0,0,0,0,0.044,0,0,0,0,0,0,0,0,0,0,0,0.00037,0,0,0,0,0,268.04128976054375,101.85443316054376,10.95,105.2368566,218.04128976054375,50.0,0.073,0.2425564,0,0,0,(EL),glass-container,0.0,0.0,0.0,0.0,0.0
119,146,No_CDR_price,3,2050,1.41652,5.09948,0,0,0,0,0,0,0.044,0,0,0,0,0,0,0,0,0,0,0,0.00037,0,0,0,0,0,261.55878976054373,102.10293316054376,0.3,105.2368566,207.63978976054375,53.919,0.002,0.1719824,0,0,0.021,(EL)-CC,glass-container,47.61904761904761,11.833333333332314,59.452380952379926,1.2484999999999786,139.0
120,151,No_CDR_price,3,2050,0.6,2.16,0,0,0,0,0,0,0.044,0,0,0,7.24212,0,0,0,0,0,0,0,0.00037,0,0,0,0.14792,0,390.84381116054374,125.25359716054375,95.10000000000001,90.490214,310.84381116054374,80.0,0.634,0.75790186,0,0,0,(NG),glass-fibre,0.0,0.0,0.0,0.0,0.0
121,152,No_CDR_price,3,2050,0.63105,2.27179,0,0,0,0,0,0,0.044,0,0,0,7.24212,0,0,0,0,0,0,0,0.00037,0,0,0,0.14792,0,330.3543111605438,127.42709716054375,3.0,90.490214,220.91731116054376,109.437,0.02,0.14762786,0,0,0.183,(NG)-CC,glass-fibre,21.85792349726776,11.877049180327969,33.73497267759573,6.173500000000018,139.0
122,153,No_CDR_price,3,2050,0.6,2.16,0,0,0,0,0,0,7.16721,0,0,0,0,0,0,0,0,0,0,0,0.05979,0,0,0,0,0,719.6840455375968,518.1438315375968,34.05,90.490214,642.6840455375968,77.0,0.227,0.299,0,0,0,(H2),glass-fibre,0.0,0.0,0.0,0.0,0.0
123,154,No_CDR_price,3,2050,0.61114,2.20009,0,0,0,0,0,0,7.16721,0,0,0,0,0,0,0,0,0,0,0,0.05979,0,0,0,0,0,698.6378455375968,518.9236315375969,1.05,90.490214,610.4638455375969,88.174,0.007,0.0803368,0,0,0.066,(H2)-CC,glass-fibre,30.3030303030303,11.815151515151863,42.118181818182165,2.779800000000023,139.0
124,155,No_CDR_price,3,2050,3.58933,12.92157,0,0,0,0,0,0,0,0,0,0,0,0,0,0,0,0,0,0,0,0,0,0,0,0,471.83635032,251.25310000000002,34.05,90.53325032,375.83635032,96.0,0.227,0.6577196,0,0,0,(H2)-AEL,glass-fibre,0.0,0.0,0.0,0.0,0.0
125,156,No_CDR_price,3,2050,3.60046,12.96166,0,0,0,0,0,0,0,0,0,0,0,0,0,0,0,0,0,0,0,0,0,0,0,0,449.78945032,252.03220000000005,1.05,90.53325032,343.61545032000004,106.174,0.007,0.4390552,0,0,0.066,(H2)-AEL-CC,glass-fibre,15.15151515151515,11.80454545454588,26.95606060606103,1.779100000000028,139.0
126,157,No_CDR_price,3,2050,2.19079,7.88683,0,0,0,0,0,0,0.044,0,0,0,0,0,0,0,0,0,0,0,0.00037,0,0,0,0,0,351.8420471605437,156.30183316054374,34.05,90.490214,280.8420471605437,71.0,0.227,0.48989479999999996,0,0,0,(EL),glass-fibre,0.0,0.0,0.0,0.0,0.0
127,158,No_CDR_price,3,2050,2.20193,7.92693,0,0,0,0,0,0,0.044,0,0,0,0,0,0,0,0,0,0,0,0.00037,0,0,0,0,0,329.7958471605437,157.08163316054373,1.05,90.490214,248.62184716054372,81.174,0.007,0.2712316,0,0,0.066,(EL)-CC,glass-fibre,15.15151515151515,11.815151515151431,26.966666666666583,1.7797999999999945,139.0
128,163,No_CDR_price,3,2050,0.222,0.7992,0,0,0,0,0,0,0.044,0,0,0,5.43076,0,0,0,0,0,0,0,0.00037,0,0,0,0.11092,0,297.89884310276597,78.70762738276596,73.04999999999998,85.14121572,236.89884310276597,61.0,0.487,0.5525604466666667,0,0,0,(NG),glass-float,0.0,0.0,0.0,0.0,0.0
129,164,No_CDR_price,3,2050,0.24583,0.885,0,0,0,0,0,0,0.044,0,0,0,5.43076,0,0,0,0,0,0,0,0.00037,0,0,0,0.11092,0,251.37694310276598,80.37572738276597,2.4,85.14121572,167.91694310276597,83.46000000000001,0.016,0.08442004666666666,0,0,0.14,(NG)-CC,glass-float,21.428571428571427,11.91500000000017,33.34357142857159,4.668100000000024,139.0
130,165,No_CDR_price,3,2050,0.222,0.7992,0,0,0,0,0,0,5.7784,0,0,0,0,0,0,0,0,0,0,0,0.0482,0,0,0,0,0,574.8268869043479,399.385671184348,27.299999999999997,85.14121572,511.826886904348,63.0,0.182,0.20864,0,0,0,(H2),glass-float,0.0,0.0,0.0,0.0,0.0
131,166,No_CDR_price,3,2050,0.2309,0.83123,0,0,0,0,0,0,5.7784,0,0,0,0,0,0,0,0,0,0,0,0.0482,0,0,0,0,0,557.2778869043478,400.008671184348,0.9,85.14121572,486.04988690434794,71.228,0.006,0.033708,0,0,0.052,(H2)-CC,glass-float,19.23076923076923,11.980769230769047,31.211538461538275,1.6229999999999902,139.0
132,167,No_CDR_price,3,2050,2.63208,9.47547,0,0,0,0,0,0,0,0,0,0,0,0,0,0,0,0,0,0,0,0,0,0,0,0,374.72152140000003,184.24560000000002,27.299999999999997,85.1759214,296.72152140000003,78.0,0.182,0.4978496,0,0,0,(H2)-AEL,glass-float,0.0,0.0,0.0,0.0,0.0
133,168,No_CDR_price,3,2050,2.64098,9.5075,0,0,0,0,0,0,0,0,0,0,0,0,0,0,0,0,0,0,0,0,0,0,0,0,357.1725214,184.86860000000001,0.9,85.1759214,270.9445214,86.228,0.006,0.32291759999999997,0,0,0.052,(H2)-AEL-CC,glass-float,19.23076923076923,11.980769230769047,31.211538461538275,1.6229999999999902,139.0
134,169,No_CDR_price,3,2050,1.50263,5.40948,0,0,0,0,0,0,0.044,0,0,0,0,0,0,0,0,0,0,0,0.00037,0,0,0,0,0,278.57184888054377,108.13063316054375,27.299999999999997,85.14121572,220.57184888054377,58.0,0.182,0.36231559999999996,0,0,0,(EL),glass-float,0.0,0.0,0.0,0.0,0.0
135,170,No_CDR_price,3,2050,1.51153,5.44151,0,0,0,0,0,0,0.044,0,0,0,0,0,0,0,0,0,0,0,0.00037,0,0,0,0,0,261.0228488805438,108.75363316054377,0.9,85.14121572,194.79484888054378,66.228,0.006,0.1873836,0,0,0.052,(EL)-CC,glass-float,19.23076923076923,11.980769230769594,31.211538461538822,1.6230000000000186,139.0
136,175,No_CDR_price,4,2050,0.03986,0.14351,0,0,0,0,0,67.22939,0,0,0,0,2.50958,0,0,0,0,0,0,1.56822,0,0,0,0,0.05126,0,704.4289424577778,610.8600537777778,34.65,14.91888868,660.4289424577778,44.0,0.231,0.6181601225333334,0,0,0,REF-SMR,refineries-light-liquid-fuel,0.0,0.0,0.0,0.0,0.0
137,176,No_CDR_price,4,2050,0.03986,0.14351,0,0,0,0,0,67.22939,0.50519,0,0,0,1.72555,0,0,0,0,0,0,1.56822,0.00421,0,0,0,0.03524,0,715.3762301073282,635.6928014273282,28.35,7.33342868,671.3762301073282,44.0,0.189,0.5705412408666667,0,0,0,REF(H2),refineries-light-liquid-fuel,0.0,0.0,0.0,0.0,0.0
138,177,No_CDR_price,4,2050,0.06875,0.2475,0,0,0,0,0,67.22939,0.50519,0,0,0,1.72555,0,0,0,0,0,0,1.56822,0.00421,0,0,0,0.03524,0,693.3585564712282,637.7151014273281,2.8499999999999996,6.35784708,646.9229485073282,46.4356079639,0.019,0.4040080408666667,0,0,0.17,REF(H2)-MEA,refineries-light-liquid-fuel,0.0,6.157167058823715,6.157167058823715,1.0467184000000316,14.32710567
139,178,No_CDR_price,4,2050,0.0752,0.27071,0,0,0,0,0,67.22939,0,0,0,0,2.50958,0,0,0,0,0,0,1.56822,0,0,0,0,0.05126,0,678.4894344371378,613.3338537777778,3.4499999999999997,13.72554268,630.5093964577778,47.98003797936,0.023,0.4144009225333334,0,0,0.208,REF-SMR-MEA,refineries-light-liquid-fuel,4.8076923076923075,6.15602884615367,10.963721153845977,2.2804539999999633,14.32710567
140,179,No_CDR_price,4,2050,0.8507,3.0625,0,85.27415,0,0,0,0,0,0,0,0,0,0,0,4.92915,0,0,0,0,0,0,0,0,0,0,792.42192728,552.4639999999999,0.0,46.95792728,599.42192728,193.0,0,0.102084,0,0,0,(BM)FT,refineries-light-liquid-fuel,0.0,0.0,0.0,0.0,0.0
141,180,No_CDR_price,4,2050,0.82298,2.96273,0,82.55775,0,0,0,0,15.91461,0,0,0,0,0,0,4.77213,0,0,0,0,0.13275,0,0,0,0,0,1714.8497791842778,1591.9899163842779,0.0,44.8598628,1636.8497791842778,78.0,0,0.0987576,0,0,0,(BM+H2)FT,refineries-light-liquid-fuel,0.0,0.0,0.0,0.0,0.0
142,181,No_CDR_price,4,2050,7.46071,26.85854,0,82.55775,0,0,0,0,0,0,0,0,0,0,0,4.77213,0,0,0,0,0,0,0,0,0,0,1133.3225628,999.4627,0.0,44.8598628,1044.3225628,89.0,0,0.8952851999999999,0,0,0,(BM+H2)FT-AEL,refineries-light-liquid-fuel,0.0,0.0,0.0,0.0,0.0
143,182,No_CDR_price,4,2050,0.94584,3.40503,0,85.27415,0,0,0,0,0,0,0,0,0,0,0,4.92915,0,0,0,0,0,0,0,0,0,0,819.75145403189,559.1238,0.0,43.74436888,602.86816888,216.88328515189,-1.667,-1.5534992,0,0,1.667,(BM)FT-MEA,refineries-light-liquid-fuel,0.0,2.067331493701264,2.067331493701264,3.4462416000000076,14.32710567
144,183,No_CDR_price,4,2050,0.91803,3.30492,0,82.55775,0,0,0,0,15.91461,0,0,0,0,0,0,4.77213,0,0,0,0,0.13275,0,0,0,0,0,1744.0645282477078,1598.6434163842778,0.0,41.64954616,1640.2929625442778,103.77156570343,-1.729,-1.6188364000000002,0,0,1.729,(BM+H2)FT-MEA,refineries-light-liquid-fuel,0.578368999421631,1.9914305147483635,2.5697995141699943,4.44318335999992,14.32710567
145,184,No_CDR_price,4,2050,7.55576,27.20073,0,82.55775,0,0,0,0,0,0,0,0,0,0,0,4.77213,0,0,0,0,0,0,0,0,0,0,1162.53731186343,1006.1161999999999,0.0,41.64954616,1047.76574616,114.77156570343,-1.729,-0.8223088000000001,0,0,1.729,(BM+H2)FT-AEL-MEA,refineries-light-liquid-fuel,0.578368999421631,1.9914305147483635,2.5697995141699943,4.44318335999992,14.32710567
146,185,No_CDR_price,4,2050,1.20606,4.3418,0,84.07821,0,0,0,0,0,0,0,0,0,0,0,4.86002,0,0,0,0,0,0,0,0,0,0,820.70169088,570.4262,0.0,49.27549088,619.70169088,201.0,0,0.14472719999999997,0,0,0,(BM)MeOH,refineries-light-liquid-fuel,0.0,0.0,0.0,0.0,0.0
147,186,No_CDR_price,4,2050,1.17873,4.24343,0,81.3999,0,0,0,0,15.69141,0,0,0,0,0,0,4.7052,0,0,0,0,0.13089,0,0,0,0,0,1730.593965830193,1595.387114550193,0.0,47.20685128,1642.593965830193,88.0,0,0.1414476,0,0,0,(BM+H2)MeOH,refineries-light-liquid-fuel,0.0,0.0,0.0,0.0,0.0
148,187,No_CDR_price,4,2050,7.72337,27.8041,0,81.3999,0,0,0,0,0,0,0,0,0,0,0,4.7052,0,0,0,0,0,0,0,0,0,0,1157.36275128,1011.1559000000001,0.0,47.20685128,1058.36275128,99.0,0,0.9268044,0,0,0,(BM+H2)MeOH-AEL,refineries-light-liquid-fuel,0.0,0.0,0.0,0.0,0.0
149,188,No_CDR_price,4,2050,1.2679,4.56444,0,84.07821,0,0,0,0,0,0,0,0,0,0,0,4.86002,0,0,0,0,0,0,0,0,0,0,839.79038586792,574.755,0.0,47.1867096,621.9417096,217.84867626791998,-1.176,-1.023852,0,0,1.176,(BM)MeOH-MEA,refineries-light-liquid-fuel,0.0,1.9047778231292232,1.9047778231292232,2.2400187199999664,14.32710567
150,189,No_CDR_price,4,2050,1.24048,4.46573,0,81.3999,0,0,0,0,15.69141,0,0,0,0,0,0,4.7052,0,0,0,0,0.13089,0,0,0,0,0,1750.5391833983133,1599.7096145501932,0.0,45.12126624,1644.8308807901933,105.70830260812,-1.236,-1.0871424,0,0,1.236,(BM+H2)MeOH-MEA,refineries-light-liquid-fuel,0.0,1.8098017475731203,1.8098017475731203,2.2369149600003766,14.32710567
151,190,No_CDR_price,4,2050,7.78512,28.02641,0,81.3999,0,0,0,0,0,0,0,0,0,0,0,4.7052,0,0,0,0,0,0,0,0,0,0,1177.30796884812,1015.4784000000001,0.0,45.12126624,1060.59966624,116.70830260812,-1.236,-0.3017856,0,0,1.236,(BM+H2)MeOH-AEL-MEA,refineries-light-liquid-fuel,0.0,1.8098017475727524,1.8098017475727524,2.236914959999922,14.32710567
152,191,No_CDR_price,4,2050,16.31216,58.72373,0,0,0,0,0,0,0,0,0,0,0,0,0,0,0,0,0,0,0,0,0,0,0,0,2170.2511342,1141.8512,90.3,183.0999342,1415.2511342,755.0,0.602,2.5594591999999996,0,0,0,(COEL)FT,refineries-light-liquid-fuel,0.0,0.0,0.0,0.0,0.0
153,192,No_CDR_price,4,2050,16.40429,59.05541,0,0,0,0,0,0,0,0,0,0,0,0,0,0,0,0,0,0,0,0,0,0,0,0,2100.05373167314,1148.3003,9.0,179.9881404,1337.2884404000001,762.76529127314,0.06,2.0285148,0,0,0.542,(COEL)FT-MEA,refineries-light-liquid-fuel,0.0,6.157391512915234,6.157391512915234,3.3373062000000573,14.32710567
154,193,No_CDR_price,4,2050,16.45068,59.22239,0,0,0,0,0,0,0,0,0,0,0,0,0,0,0,0,0,0,0,0,0,0,0,0,2154.7531489000003,1151.5476,57.74999999999999,190.4555489,1399.7531489,755.0,0.385,2.3590815999999997,0,0,0,(COEL)MeOH,refineries-light-liquid-fuel,0.0,0.0,0.0,0.0,0.0
155,194,No_CDR_price,4,2050,16.50955,59.43434,0,0,0,0,0,0,0,0,0,0,0,0,0,0,0,0,0,0,0,0,0,0,0,0,2109.79278356182,1155.6685000000002,5.699999999999999,188.467105,1349.8356050000002,759.95717856182,0.038,2.019146,0,0,0.346,(COEL)MeOH-MEA,refineries-light-liquid-fuel,0.0,6.163167919075511,6.163167919075511,2.1324561000001268,14.32710567
156,199,No_CDR_price,1,2050,0.18432,0.66355,0,0,0,17.71185,1.12671,0,0,0,0,0,0,0,0,0,0,0.62382,0.03533,0,0,0,0,0,0,0,767.9159873,92.71706,300.29999999999995,341.8989273,734.9159873,33.0,2.002,2.3435898799999997,0,0,0,BF-BOF,steel-primary,0.0,0.0,0.0,0.0,0.0
157,200,No_CDR_price,1,2050,0.41698,1.50111,0,0,0,17.71185,1.12671,0,0,0,0,0,0.57891,0,0,0,0,0.62382,0.03533,0,0,0,0,0,0.01182,0,639.8216559666666,115.42272866666667,118.5,341.8989273,575.8216559666666,64.0,0.79,1.163657935,0,0,1.369,BF-BOF-MEA,steel-primary,22.644265887509132,16.585587046505967,39.2298529340151,53.70566866666667,0.0
158,201,No_CDR_price,1,2050,0.24914,0.89689,0,0,0,15.95184,1.12671,0,0,0,0,0,0,1.88543,0,0,0,0.56415,0.03533,0,0,0,0,0,0,0.06082,795.9066631000001,108.04171000000001,294.15000000000003,361.7149531,763.9066631000001,32.0,1.961,2.3654808995,0,0,0,WPI-BOF,steel-primary,0.0,0.0,0.0,0.0,0.0
159,202,No_CDR_price,1,2050,0.47574,1.71266,0,0,0,15.95184,1.12671,0,0,0,0,0,0.23159,1.88543,0,0,0,0.56415,0.03533,0,0,0,0,0,0.00473,0.06082,667.3367388777779,126.47178577777778,117.15,361.7149531,605.3367388777779,62.0,0.781,1.2143326278333333,0,0,1.333,WPI-BOF-MEA,steel-primary,22.50562640660165,13.826013336667486,36.331639743269136,48.43007577777776,0.0
160,203,No_CDR_price,1,2050,0.57302,2.06286,0,0,0,0.40183,0,0,0,0,0,0,7.45232,0,0,0,0,0.01674,0,0,0,0,0,0,0.15221,0,502.38245864444445,124.84184844444445,97.65,247.8906102,470.38245864444445,32.0,0.651,0.7814126323333334,0,0,0,(NG)DRI-EAF,steel-primary,0.0,0.0,0.0,0.0,0.0
161,204,No_CDR_price,1,2050,0.67259,2.42132,0,0,0,0.40183,0,0,0,0,0,0,7.45232,0,0,0,0,0.01674,0,0,0,0,0,0,0.15221,0,435.4523586444444,131.81174844444445,9.75,247.8906102,389.4523586444444,46.0,0.065,0.20736103233333333,0,0,0.586,(NG)DRI-EAF-MEA,steel-primary,23.890784982935156,11.89402730375421,35.784812286689366,20.969899999999967,0.0
162,205,No_CDR_price,1,2050,0.57302,2.06286,0,0,0,0.40183,0,0,2.94917,0,0,0,4.99306,0,0,0,0,0.01674,0,0,0.0246,0,0,0,0.10198,0,640.416634916032,293.47602471603193,67.05,247.8906102,608.416634916032,32.0,0.447,0.5597879356666666,0,0,0,(NG+H2)DRI-EAF,steel-primary,0.0,0.0,0.0,0.0,0.0
163,206,No_CDR_price,1,2050,1.80307,6.49105,0,0,0,0.40183,0,0,0,0,0,0,4.99306,0,0,0,0,0.01674,0,0,0,0,0,0,0.10198,0,532.6154977555556,183.67488755555556,67.05,247.8906102,498.61549775555557,34.0,0.447,0.7073939356666666,0,0,0,(NG+H2)DRI-EAF-AEL,steel-primary,0.0,0.0,0.0,0.0,0.0
164,207,No_CDR_price,1,2050,0.57302,2.06286,0,0,0,0.40183,0,0,11.39921,0,0,0,0,0,0,0,0,0.01674,0,0,0.09509,0,0,0,0,0,1108.3035324597438,799.4629222597437,28.95,247.8906102,1076.3035324597438,32.0,0.193,0.270004339,0,0,0,(H2)DRI-EAF,steel-primary,0.0,0.0,0.0,0.0,0.0
165,208,No_CDR_price,1,2050,5.32745,19.1788,0,0,0,0.40183,0,0,0,0,0,0,0,0,0,0,0,0.01674,0,0,0,0,0,0,0,0,691.8546102,375.014,28.95,247.8906102,651.8546102,40.0,0.193,0.840535939,0,0,0,(H2)DRI-EAF-AEL,steel-primary,0.0,0.0,0.0,0.0,0.0
166,209,No_CDR_price,1,2050,3.98354,14.34072,0,0,0,0,0,0,0,0,0,0,0,0,0,0,0,0,0,0,0,0,0,0,0,0,575.6418038,278.8478,0.0,222.7940038,501.64180380000005,74.0,0,0.47802479999999997,0,0,0,MOE,steel-primary,0.0,0.0,0.0,0.0,0.0
167,214,No_CDR_price,1,2050,0.41635,1.49885,0,0,0,0.29583,0,0,0,0,0,0,0.18909,0,0,0,0,0.01233,0,0,0,0,0,0,0.00386,0,531.9477585,32.782548000000006,6.0,475.1652105,513.9477585,18.0,0.04,0.0973878205,0,0,0,Scraps EAF,steel-secondary,0.0,0.0,0.0,0.0,0.0
168,63,No_CDR_price,2,2050,0.149696207,0.538905061,1.062746742,0,1.592006552,0.26812439,0,0,0,0,0,0,0.03339035,0,0.030097425,0,0.123410657,0.009088538,0,0,0,0,0,0,0.000682,0,69.18344591111111,24.578947691111114,5.0957754,27.16323682,56.83795991111111,12.345486,0.033971836,0.05687816046263333,0,0,0.501418443,EU-mix-2050,cement,0.0,7.085327092367244e-15,7.085327092367244e-15,3.552713678800501e-15,0.0
169,72,No_CDR_price,6,2050,0.162030633,0.583309957,0,0,0,0,0,0,0.111554005,0,0,0,0.095255721,0,0,0,0,0,0,0,0.000929437,0,0,0,0.001946549,0,1006.9018468246766,19.800091824676493,0.093885,950.0075,969.9014768246766,37.00037,0.0006259,0.0207522419605,0,0,0.00469425,EU-mix-2050,chemical-PE,0.0,1.0595513980552169e-11,1.0595513980552169e-11,4.973799150320701e-14,0.0
170,81,No_CDR_price,6,2050,1.024926771,3.689733942,0,0,0,0,0,0,2.73687783,0,0,0,3.209868171,0,0,0,0,0,0,0,0.022830335,0,0,0,0.065561656,0,1402.9368079819367,289.15047288193676,2.6932605,995.5291946,1287.3729279819368,115.56388,0.01795507,0.1639503377455,0,0,0.16232849,EU-mix-2050,chemical-PEA,0.0,3.501752456442367e-13,3.501752456442367e-13,5.684341886080802e-14,0.0
171,98,No_CDR_price,6,2050,7.042409775,25.35265267,0,22.41190089,0,0,0,0,2.125201083,15.24737977,0,8.518257537,0.212749169,0,0,1.295486416,0,0,0,0,0.017728222,0.766201708,0,0.18974989,0.004345328,0,1530.9860878688694,1154.2590844188694,4.809963,39.08796045,1198.1570078688694,332.82908,0.03206642,1.4290919924987935,0,0,0.28697556,EU-mix-2050,chemical-olefins,0.0,0.0,0.0,0.0,0.0
172,114,No_CDR_price,5,2050,0.878122911,3.161250545,0,2.0260825,0,0,0,0,16.144611,0,0,0,6.914088481,0,0,0.1171145,0,0,0,0,0.134673,0,0,0,0.141219254,0,1684.7583509197243,1222.3319379197244,10.222082999999998,0,1232.5540209197243,452.20433,0.06814722,0.22307293676716666,0,0,0.35795634,EU-mix-2050,fertiliser-ammonia,0.0,0.0,0.0,0.0,0.0
173,125,No_CDR_price,5,2050,0,0,0,3.0325204,0,0,0,0,2.608547908,0,0,0,2.257146357,0,0,0.1752894,0,0,0,0,0.021761017,0,0,0,0.04610345,0,248.26706451564218,215.8542883956422,2.3996310000000003,0.01314512,218.26706451564218,30.0,0.01599754,0.032173755558499995,0,0,0.12595,EU-mix-2050,fertiliser-nitric-acid,0.0,0.0,0.0,0.0,0.0
174,138,No_CDR_price,5,2050,0.494672678,1.78082131,0,10.47708883,0,0,0,0,5.96324899,0,0,0,1.318710584,0,0,0.605614283,0,0,0,0,0.049745683,0,0,0,0.026934879,0,539.5634584539224,505.96642807392243,1.0913789999999999,16.62561138,523.6834184539224,15.88004,0.00727586,0.07608734054533332,0,0,0.00913919,EU-mix-2050,fertiliser-urea,0.0,0.0,0.0,0.0,0.0
175,150,No_CDR_price,3,2050,0.724646017,2.608720287,0,0,0,0,0,0,1.930269885,0,0,0,1.157125182,0,0,0,0,0,0,0,0.016104149,0,0,0,0.02363467,0,353.86061785248324,191.80350525248323,3.464016,105.2368566,300.50437785248323,53.35624,0.02309344,0.11834369251099999,0,0,0.03400496,EU-mix-2050,glass-container,0.0,-8.358107002744307e-13,-8.358107002744307e-13,-2.842170943040401e-14,0.0
176,162,No_CDR_price,3,2050,1.066771668,3.840371759,0,0,0,0,0,0,3.122723034,0,0,0,2.056037868,0,0,0,0,0,0,0,0.026051922,0,0,0,0.041994488,0,480.0656943833818,304.9403599833818,6.4978454999999995,90.4911189,401.9293243833818,78.13637,0.04331897,0.186066508214,0,0,0.0894285,EU-mix-2050,glass-fibre,0.0,0.0,0.0,0.0,0.0
177,174,No_CDR_price,3,2050,0.690417927,2.485506516,0,0,0,0,0,0,2.087969096,0,0,0,1.559225504,0,0,0,0,0,0,0,0.017418522,0,0,0,0.031846241,0,356.5436740007963,204.33352969079627,4.99128,85.14036431,294.46517400079625,62.0785,0.0332752,0.12729980068533334,0,0,0.07005484,EU-mix-2050,glass-float,0.0,-4.05706578309279e-13,-4.05706578309279e-13,-2.842170943040401e-14,0.0
178,198,No_CDR_price,4,2050,1.973636014,7.105086114,0,28.1514428,0,0,0,38.31739083,0.226971763,0,0,0,1.078086123,0,0,1.627253729,0,0,0,0.893806989,0.001891469,0,0,0,0.022018171,0,877.0633035317908,658.6061655017908,15.1396635,38.97705453,712.7228835317908,164.34042,0.10093109,0.55317868752554,0,0,0.0599744,EU-mix-2050,refineries-light-liquid-fuel,0.0,0.0,0.0,0.0,0.0
179,213,No_CDR_price,1,2050,0.746743976,2.688267222,0,0,0,3.480876841,0.212610177,0,6.712994769,0,0,0,1.338893683,0.177890321,0,0,0,0.124778912,0.006666771,0,0.055998501,0,0,0,0.027345867,0.005738367,880.2849900055853,530.7343060055853,40.933882499999996,266.1695015,837.8376900055853,42.4473,0.27289255,0.44383123836386673,0,0,0.3542021,EU-mix-2050,steel-primary,0.0,0.0,0.0,0.0,0.0
180,218,No_CDR_price,1,2050,0.41635,1.49885,0,0,0,0.29583,0,0,0,0,0,0,0.18909,0,0,0,0,0.01233,0,0,0,0,0,0,0.00386,0,531.9477585,32.782548000000006,6.0,475.1652105,513.9477585,18.0,0.04,0.0973878205,0,0,0,EU-mix-2050,steel-secondary,0.0,0.0,0.0,0.0,0.0
181,0,No_CDR_price,2,2050,0.08029,0.28905,0.739281,0,0.4434736,1.151172,0,0,0,0,0,0,0,0,0.020937,0,0.0343776,0.0390204,0,0,0,0,0,0,0,0,115.1458685,14.1114808,74.727,23.3073877,112.1458685,3.0,0.49818,0.5271856151400001,0,0,0,EU-mix-2018,cement,0.0,0.0,0.0,0.0,0.0
182,69,No_CDR_price,6,2050,0.13675,0.4923,0,0,0,0,0,0,0.00597,0,0,0,0.29048,0,0,0,0,0,0,0,5.0e-5,0,0,0,0.00593,0,1002.5897806012747,13.191780601274683,2.4,949.998,965.5897806012747,37.0,0.016,0.034491773333333337,0,0,0,EU-mix-2018,chemical-PE,0.0,0.0,0.0,0.0,0.0
183,78,No_CDR_price,6,2050,0.36,1.296,0,0,0,0,0,0,0,0,0,0,8.16321,0,0,0,0,0,0,0,0,0,0,0,0.16673,0,1292.1100786666666,115.72092866666667,68.85,995.53915,1180.1100786666666,112.0,0.459,0.560703005,0,0,0,EU-mix-2018,chemical-PEA,0.0,0.0,0.0,0.0,0.0
184,95,No_CDR_price,6,2050,0.29492,1.06171,0,0,0,0,0,0,0,0,0,60.52478,0,0,0,0,0,0,0,0,0,0,0,1.34823,0,0,746.908569,546.8585690000001,145.04999999999998,0,691.908569,55.0,0.967,1.3156651228,0,0,0,EU-mix-2018,chemical-olefins,0.0,0.0,0.0,0.0,0.0
185,111,No_CDR_price,5,2050,0.57689,2.07681,0,0,0,0,0,0,0,0,0,0,28.32914,0,0,0,0,0,0,0,0,0,0,0,0.57862,0,742.8209857777777,354.52098577777775,261.29999999999995,0,615.8209857777777,127.0,1.742,2.0142523033333335,0,0,0,EU-mix-2018,fertiliser-ammonia,0.0,0.0,0.0,0.0,0.0
186,122,No_CDR_price,5,2050,0,0,0,0,0,0,0,0,0,0,0,0,6.50362,0,0,0,0,0,0,0,0,0,0,0,0.13284,0,163.48106467555553,72.11791955555555,61.349999999999994,0.01314512,133.48106467555553,30.0,0.409,0.4556092766666666,0,0,0,EU-mix-2018,fertiliser-nitric-acid,0.0,0.0,0.0,0.0,0.0
187,135,No_CDR_price,5,2050,0.22869,0.8233,0,0,0,0,0,0,0,0,0,0,14.88327,0,0,0,0,0,0,0,0,0,0,0,0.30399,0,241.94722733333333,181.04722733333332,27.9,0,208.94722733333333,33.0,0.186,0.320106235,0,0,0,EU-mix-2018,fertiliser-urea,0.0,0.0,0.0,0.0,0.0
188,147,No_CDR_price,3,2050,0.2976,1.07136,0,0,0,0,0,0,0.044,0,0,0,4.72991,0,0,0,0,0,0,0,0.00037,0,0,0,0.09661,0,285.1648362049882,76.2279796049882,50.7,105.2368566,232.1648362049882,53.0,0.338,0.40760968833333333,0,0,0,EU-mix-2018,glass-container,0.0,0.0,0.0,0.0,0.0
189,159,No_CDR_price,3,2050,0.6,2.16,0,0,0,0,0,0,0.044,0,0,0,7.24212,0,0,0,0,0,0,0,0.00037,0,0,0,0.14792,0,390.84381116054374,125.25359716054375,95.10000000000001,90.490214,310.84381116054374,80.0,0.634,0.75790186,0,0,0,EU-mix-2018,glass-fibre,0.0,0.0,0.0,0.0,0.0
190,171,No_CDR_price,3,2050,0.222,0.7992,0,0,0,0,0,0,0.044,0,0,0,5.43076,0,0,0,0,0,0,0,0.00037,0,0,0,0.11092,0,297.89884310276597,78.70762738276596,73.04999999999998,85.14121572,236.89884310276597,61.0,0.487,0.5525604466666667,0,0,0,EU-mix-2018,glass-float,0.0,0.0,0.0,0.0,0.0
191,195,No_CDR_price,4,2050,0.03986,0.14351,0,0,0,0,0,67.22939,0,0,0,0,2.50958,0,0,0,0,0,0,1.56822,0,0,0,0,0.05126,0,704.4289424577778,610.8600537777778,34.65,14.91888868,660.4289424577778,44.0,0.231,0.6181601225333334,0,0,0,EU-mix-2018,refineries-light-liquid-fuel,0.0,0.0,0.0,0.0,0.0
192,210,No_CDR_price,1,2050,0.18432,0.66355,0,0,0,17.71185,1.12671,0,0,0,0,0,0,0,0,0,0,0.62382,0.03533,0,0,0,0,0,0,0,767.9159873,92.71706,300.29999999999995,341.8989273,734.9159873,33.0,2.002,2.3435898799999997,0,0,0,EU-mix-2018,steel-primary,0.0,0.0,0.0,0.0,0.0
193,215,No_CDR_price,1,2050,0.41635,1.49885,0,0,0,0.29583,0,0,0,0,0,0,0.18909,0,0,0,0,0.01233,0,0,0,0,0,0,0.00386,0,531.9477585,32.782548000000006,6.0,475.1652105,513.9477585,18.0,0.04,0.0973878205,0,0,0,EU-mix-2018,steel-secondary,0.0,0.0,0.0,0.0,0.0
